Order,Position_x,Position_y,Position_z,Owner_ID,Distance_to_Camera,Connected_Vertices,Bottom_Left_x,Bottom_Left_y,Bottom_Left_z,Top_Left_x,Top_Left_y,Top_Left_z,Top_Right_x,Top_Right_y,Top_Right_z,Bottom_Right_x,Bottom_Right_y,Bottom_Right_z,Frustum_Apex_x,Frustum_Apex_y,Frustum_Apex_z,Is_Visible,Out_Of_Frame,BehindAMesh
0,0.5,-1.59,1.08,-10494,4.090112,2 3 1 6,-2.373663,0.05295172,2.769399,-2.285386,0.3812312,2.702768,-2.736656,0.3812312,2.104889,-2.824934,0.05295175,2.17152,-2.782076,0.3128749,2.608418,1,0,0
1,-0.5,-1.59,1.08,-10494,3.341387,0 3 6 7 5,-2.373663,0.05295172,2.769399,-2.285386,0.3812312,2.702768,-2.736656,0.3812312,2.104889,-2.824934,0.05295175,2.17152,-2.782076,0.3128749,2.608418,1,0,0
2,0.5,-0.59,1.08,-10494,3.73139,0 3 4 5 6,-2.373663,0.05295172,2.769399,-2.285386,0.3812312,2.702768,-2.736656,0.3812312,2.104889,-2.824934,0.05295175,2.17152,-2.782076,0.3128749,2.608418,1,0,0
3,-0.5,-0.59,1.08,-10494,2.891214,0 2 1 5,-2.373663,0.05295172,2.769399,-2.285386,0.3812312,2.702768,-2.736656,0.3812312,2.104889,-2.824934,0.05295175,2.17152,-2.782076,0.3128749,2.608418,1,0,0
4,0.5,-0.59,0.07999998,-10494,4.240295,2 5 6 7,-2.373663,0.05295172,2.769399,-2.285386,0.3812312,2.702768,-2.736656,0.3812312,2.104889,-2.824934,0.05295175,2.17152,-2.782076,0.3128749,2.608418,1,0,0
5,-0.5,-0.59,0.07999998,-10494,3.523628,2 4 3 7 1,-2.373663,0.05295172,2.769399,-2.285386,0.3812312,2.702768,-2.736656,0.3812312,2.104889,-2.824934,0.05295175,2.17152,-2.782076,0.3128749,2.608418,1,0,0
6,0.5,-1.59,0.07999998,-10494,4.559151,4 7 0 1 2,-2.373663,0.05295172,2.769399,-2.285386,0.3812312,2.702768,-2.736656,0.3812312,2.104889,-2.824934,0.05295175,2.17152,-2.782076,0.3128749,2.608418,0,0,1
7,-0.5,-1.59,0.07999998,-10494,3.9015,4 6 5 1,-2.373663,0.05295172,2.769399,-2.285386,0.3812312,2.702768,-2.736656,0.3812312,2.104889,-2.824934,0.05295175,2.17152,-2.782076,0.3128749,2.608418,1,0,0
8,1.167827,-0.2878271,-0.2878271,-9518,4.934654,55 178 34 250 91,-2.373663,0.05295172,2.769399,-2.285386,0.3812312,2.702768,-2.736656,0.3812312,2.104889,-2.824934,0.05295175,2.17152,-2.782076,0.3128749,2.608418,0,0,1
9,1.167827,-0.2878271,0.2878271,-9518,4.620359,49 52 82 286,-2.373663,0.05295172,2.769399,-2.285386,0.3812312,2.702768,-2.736656,0.3812312,2.104889,-2.824934,0.05295175,2.17152,-2.782076,0.3128749,2.608418,1,0,0
10,0.5921729,-0.2878271,-0.2878271,-9518,4.487163,37 40 100 358,-2.373663,0.05295172,2.769399,-2.285386,0.3812312,2.702768,-2.736656,0.3812312,2.104889,-2.824934,0.05295175,2.17152,-2.782076,0.3128749,2.608418,1,0,0
11,0.5921729,-0.2878271,0.2878271,-9518,4.139027,196 46 43 94 322,-2.373663,0.05295172,2.769399,-2.285386,0.3812312,2.702768,-2.736656,0.3812312,2.104889,-2.824934,0.05295175,2.17152,-2.782076,0.3128749,2.608418,1,0,0
12,1.168835,0.2879004,-0.2888354,-9518,4.899429,79 214 58 88 376,-2.373663,0.05295172,2.769399,-2.285386,0.3812312,2.702768,-2.736656,0.3812312,2.104889,-2.824934,0.05295175,2.17152,-2.782076,0.3128749,2.608418,0,0,1
13,1.168835,0.2879004,0.2888354,-9518,4.581571,61 64 85 268,-2.373663,0.05295172,2.769399,-2.285386,0.3812312,2.702768,-2.736656,0.3812312,2.104889,-2.824934,0.05295175,2.17152,-2.782076,0.3128749,2.608418,1,0,0
14,0.5911646,0.2879004,-0.2888354,-9518,4.446735,73 76 103 340,-2.373663,0.05295172,2.769399,-2.285386,0.3812312,2.702768,-2.736656,0.3812312,2.104889,-2.824934,0.05295175,2.17152,-2.782076,0.3128749,2.608418,1,0,0
15,0.5911646,0.2879004,0.2888354,-9518,4.093878,67 232 70 97 304,-2.373663,0.05295172,2.769399,-2.285386,0.3812312,2.702768,-2.736656,0.3812312,2.104889,-2.824934,0.05295175,2.17152,-2.782076,0.3128749,2.608418,1,0,0
16,0.88,-0.5,0,-9518,4.568962,186 117 108 111 114 204,-2.373663,0.05295172,2.769399,-2.285386,0.3812312,2.702768,-2.736656,0.3812312,2.104889,-2.824934,0.05295175,2.17152,-2.782076,0.3128749,2.608418,1,0,0
17,0.88,0.5,-4.768371E-09,-9518,4.499962,222 129 120 123 240 126,-2.373663,0.05295172,2.769399,-2.285386,0.3812312,2.702768,-2.736656,0.3812312,2.104889,-2.824934,0.05295175,2.17152,-2.782076,0.3128749,2.608418,1,0,0
18,1.38,-4.764297E-09,-1.639128E-07,-9518,4.921851,132 135 258 276 141 138,-2.373663,0.05295172,2.769399,-2.285386,0.3812312,2.702768,-2.736656,0.3812312,2.104889,-2.824934,0.05295175,2.17152,-2.782076,0.3128749,2.608418,0,0,1
19,0.8800001,-9.537071E-09,0.5,-9518,4.23723,144 147 294 312 153 150,-2.373663,0.05295172,2.769399,-2.285386,0.3812312,2.702768,-2.736656,0.3812312,2.104889,-2.824934,0.05295175,2.17152,-2.782076,0.3128749,2.608418,1,0,0
20,0.38,4.764297E-09,0,-9518,4.111017,330 156 165 162 159 348,-2.373663,0.05295172,2.769399,-2.285386,0.3812312,2.702768,-2.736656,0.3812312,2.104889,-2.824934,0.05295175,2.17152,-2.782076,0.3128749,2.608418,1,0,0
21,0.8799998,3.274181E-13,-0.5,-9518,4.813622,168 171 366 384 177 174,-2.373663,0.05295172,2.769399,-2.285386,0.3812312,2.702768,-2.736656,0.3812312,2.104889,-2.824934,0.05295175,2.17152,-2.782076,0.3128749,2.608418,1,0,0
22,0.8799999,-0.3525147,-0.3525147,-9518,4.756119,36 106 193 39 373 166,-2.373663,0.05295172,2.769399,-2.285386,0.3812312,2.702768,-2.736656,0.3812312,2.104889,-2.824934,0.05295175,2.17152,-2.782076,0.3128749,2.608418,1,0,0
23,0.5274854,-0.3525147,0,-9518,4.26612,189 109 42 45 154 337,-2.373663,0.05295172,2.769399,-2.285386,0.3812312,2.702768,-2.736656,0.3812312,2.104889,-2.824934,0.05295175,2.17152,-2.782076,0.3128749,2.608418,1,0,0
24,0.8800001,-0.3525147,0.3525147,-9518,4.352315,112 211 48 51 301 142,-2.373663,0.05295172,2.769399,-2.285386,0.3812312,2.702768,-2.736656,0.3812312,2.104889,-2.824934,0.05295175,2.17152,-2.782076,0.3128749,2.608418,1,0,0
25,1.232515,-0.3525147,3.814697E-08,-9518,4.833583,57 115 207 54 265 130,-2.373663,0.05295172,2.769399,-2.285386,0.3812312,2.702768,-2.736656,0.3812312,2.104889,-2.824934,0.05295175,2.17152,-2.782076,0.3128749,2.608418,1,0,0
26,1.233691,0.3527881,-1.144409E-07,-9518,4.788719,60 118 229 63 136 283,-2.373663,0.05295172,2.769399,-2.285386,0.3812312,2.702768,-2.736656,0.3812312,2.104889,-2.824934,0.05295175,2.17152,-2.782076,0.3128749,2.608418,1,0,0
27,0.8800001,0.3527881,0.3536914,-9518,4.300719,225 66 121 69 148 319,-2.373663,0.05295172,2.769399,-2.285386,0.3812312,2.702768,-2.736656,0.3812312,2.104889,-2.824934,0.05295175,2.17152,-2.782076,0.3128749,2.608418,1,0,0
28,0.5263086,0.3527881,0,-9518,4.213175,72 124 247 75 160 355,-2.373663,0.05295172,2.769399,-2.285386,0.3812312,2.702768,-2.736656,0.3812312,2.104889,-2.824934,0.05295175,2.17152,-2.782076,0.3128749,2.608418,1,0,0
29,0.8799998,0.3527881,-0.3536914,-9518,4.710253,81 127 243 78 172 391,-2.373663,0.05295172,2.769399,-2.285386,0.3812312,2.702768,-2.736656,0.3812312,2.104889,-2.824934,0.05295175,2.17152,-2.782076,0.3128749,2.608418,1,0,0
30,1.233552,-3.128662E-11,0.3535523,-9518,4.616014,261 84 133 87 151 315,-2.373663,0.05295172,2.769399,-2.285386,0.3812312,2.702768,-2.736656,0.3812312,2.104889,-2.824934,0.05295175,2.17152,-2.782076,0.3128749,2.608418,1,0,0
31,1.233691,-0.0008836466,-0.3536914,-9518,4.999893,93 139 279 90 369 169,-2.373663,0.05295172,2.769399,-2.285386,0.3812312,2.702768,-2.736656,0.3812312,2.104889,-2.824934,0.05295175,2.17152,-2.782076,0.3128749,2.608418,0,0,1
32,0.5264478,3.128662E-11,0.3535523,-9518,4.016048,297 96 145 99 163 351,-2.373663,0.05295172,2.769399,-2.285386,0.3812312,2.702768,-2.736656,0.3812312,2.104889,-2.824934,0.05295175,2.17152,-2.782076,0.3128749,2.608418,1,0,0
33,0.5263086,-0.0008836116,-0.3536914,-9518,4.451735,333 102 157 105 175 387,-2.373663,0.05295172,2.769399,-2.285386,0.3812312,2.702768,-2.736656,0.3812312,2.104889,-2.824934,0.05295175,2.17152,-2.782076,0.3128749,2.608418,1,0,0
34,1.120193,-0.3089014,-0.3089014,-9518,4.911727,8 178 179 35 91 367,-2.373663,0.05295172,2.769399,-2.285386,0.3812312,2.702768,-2.736656,0.3812312,2.104889,-2.824934,0.05295175,2.17152,-2.782076,0.3128749,2.608418,0,0,1
35,1.050142,-0.3313476,-0.3313476,-9518,4.872693,34 179 180 36 367 370,-2.373663,0.05295172,2.769399,-2.285386,0.3812312,2.702768,-2.736656,0.3812312,2.104889,-2.824934,0.05295175,2.17152,-2.782076,0.3128749,2.608418,0,0,1
36,0.9680603,-0.3469702,-0.3469702,-9518,4.820086,35 180 106 22 370 373,-2.373663,0.05295172,2.769399,-2.285386,0.3812312,2.702768,-2.736656,0.3812312,2.104889,-2.824934,0.05295175,2.17152,-2.782076,0.3128749,2.608418,1,0,0
37,0.6398071,-0.3089014,-0.3089014,-9518,4.539454,38 187 40 10 359 358,-2.373663,0.05295172,2.769399,-2.285386,0.3812312,2.702768,-2.736656,0.3812312,2.104889,-2.824934,0.05295175,2.17152,-2.782076,0.3128749,2.608418,1,0,0
38,0.7098584,-0.3313476,-0.3313476,-9518,4.609865,39 190 187 37 360 359,-2.373663,0.05295172,2.769399,-2.285386,0.3812312,2.702768,-2.736656,0.3812312,2.104889,-2.824934,0.05295175,2.17152,-2.782076,0.3128749,2.608418,1,0,0
39,0.7919397,-0.3469702,-0.3469702,-9518,4.684368,22 193 190 38 166 360,-2.373663,0.05295172,2.769399,-2.285386,0.3812312,2.702768,-2.736656,0.3812312,2.104889,-2.824934,0.05295175,2.17152,-2.782076,0.3128749,2.608418,1,0,0
40,0.5710986,-0.3089014,-0.2401929,-9518,4.443531,187 41 37 10 100 331,-2.373663,0.05295172,2.769399,-2.285386,0.3812312,2.702768,-2.736656,0.3812312,2.104889,-2.824934,0.05295175,2.17152,-2.782076,0.3128749,2.608418,1,0,0
41,0.5486524,-0.3313476,-0.1701416,-9518,4.385108,188 42 187 40 331 334,-2.373663,0.05295172,2.769399,-2.285386,0.3812312,2.702768,-2.736656,0.3812312,2.104889,-2.824934,0.05295175,2.17152,-2.782076,0.3128749,2.608418,1,0,0
42,0.5330298,-0.3469702,-0.0880603,-9518,4.323924,189 23 188 41 334 337,-2.373663,0.05295172,2.769399,-2.285386,0.3812312,2.702768,-2.736656,0.3812312,2.104889,-2.824934,0.05295175,2.17152,-2.782076,0.3128749,2.608418,1,0,0
43,0.5710986,-0.3089014,0.2401929,-9518,4.151972,11 196 199 44 323 322,-2.373663,0.05295172,2.769399,-2.285386,0.3812312,2.702768,-2.736656,0.3812312,2.104889,-2.824934,0.05295175,2.17152,-2.782076,0.3128749,2.608418,1,0,0
44,0.5486524,-0.3313476,0.1701416,-9518,4.177794,43 199 202 45 324 323,-2.373663,0.05295172,2.769399,-2.285386,0.3812312,2.702768,-2.736656,0.3812312,2.104889,-2.824934,0.05295175,2.17152,-2.782076,0.3128749,2.608418,1,0,0
45,0.5330298,-0.3469702,0.0880603,-9518,4.21634,44 202 109 23 154 324,-2.373663,0.05295172,2.769399,-2.285386,0.3812312,2.702768,-2.736656,0.3812312,2.104889,-2.824934,0.05295175,2.17152,-2.782076,0.3128749,2.608418,1,0,0
46,0.6398071,-0.3089014,0.3089014,-9518,4.169373,197 47 196 11 94 295,-2.373663,0.05295172,2.769399,-2.285386,0.3812312,2.702768,-2.736656,0.3812312,2.104889,-2.824934,0.05295175,2.17152,-2.782076,0.3128749,2.608418,1,0,0
47,0.7098584,-0.3313476,0.3313476,-9518,4.218256,198 48 197 46 295 298,-2.373663,0.05295172,2.769399,-2.285386,0.3812312,2.702768,-2.736656,0.3812312,2.104889,-2.824934,0.05295175,2.17152,-2.782076,0.3128749,2.608418,1,0,0
48,0.7919397,-0.3469702,0.3469702,-9518,4.280553,112 24 198 47 298 301,-2.373663,0.05295172,2.769399,-2.285386,0.3812312,2.702768,-2.736656,0.3812312,2.104889,-2.824934,0.05295175,2.17152,-2.782076,0.3128749,2.608418,1,0,0
49,1.120193,-0.3089014,0.3089014,-9518,4.57188,50 205 52 9 287 286,-2.373663,0.05295172,2.769399,-2.285386,0.3812312,2.702768,-2.736656,0.3812312,2.104889,-2.824934,0.05295175,2.17152,-2.782076,0.3128749,2.608418,1,0,0
50,1.050142,-0.3313476,0.3313476,-9518,4.503994,51 208 205 49 288 287,-2.373663,0.05295172,2.769399,-2.285386,0.3812312,2.702768,-2.736656,0.3812312,2.104889,-2.824934,0.05295175,2.17152,-2.782076,0.3128749,2.608418,1,0,0
51,0.9680603,-0.3469702,0.3469702,-9518,4.428664,24 211 208 50 142 288,-2.373663,0.05295172,2.769399,-2.285386,0.3812312,2.702768,-2.736656,0.3812312,2.104889,-2.824934,0.05295175,2.17152,-2.782076,0.3128749,2.608418,1,0,0
52,1.188901,-0.3089014,0.2401929,-9518,4.665164,205 53 49 9 82 259,-2.373663,0.05295172,2.769399,-2.285386,0.3812312,2.702768,-2.736656,0.3812312,2.104889,-2.824934,0.05295175,2.17152,-2.782076,0.3128749,2.608418,1,0,0
53,1.211348,-0.3313476,0.1701416,-9518,4.723097,206 54 205 52 259 262,-2.373663,0.05295172,2.769399,-2.285386,0.3812312,2.702768,-2.736656,0.3812312,2.104889,-2.824934,0.05295175,2.17152,-2.782076,0.3128749,2.608418,1,0,0
54,1.22697,-0.3469702,0.0880603,-9518,4.781219,207 25 206 53 262 265,-2.373663,0.05295172,2.769399,-2.285386,0.3812312,2.702768,-2.736656,0.3812312,2.104889,-2.824934,0.05295175,2.17152,-2.782076,0.3128749,2.608418,1,0,0
55,1.188901,-0.3089014,-0.2401929,-9518,4.926444,56 181 178 8 251 250,-2.373663,0.05295172,2.769399,-2.285386,0.3812312,2.702768,-2.736656,0.3812312,2.104889,-2.824934,0.05295175,2.17152,-2.782076,0.3128749,2.608418,0,0,1
56,1.211348,-0.3313476,-0.1701416,-9518,4.907428,184 181 55 57 252 251,-2.373663,0.05295172,2.769399,-2.285386,0.3812312,2.702768,-2.736656,0.3812312,2.104889,-2.824934,0.05295175,2.17152,-2.782076,0.3128749,2.608418,0,0,1
57,1.22697,-0.3469702,-0.0880603,-9518,4.876356,56 184 115 25 130 252,-2.373663,0.05295172,2.769399,-2.285386,0.3812312,2.702768,-2.736656,0.3812312,2.104889,-2.824934,0.05295175,2.17152,-2.782076,0.3128749,2.608418,0,0,1
58,1.189951,0.3090894,-0.2409058,-9518,4.888319,12 214 215 59 277 88,-2.373663,0.05295172,2.769399,-2.285386,0.3812312,2.702768,-2.736656,0.3812312,2.104889,-2.824934,0.05295175,2.17152,-2.782076,0.3128749,2.608418,0,0,1
59,1.212473,0.3315698,-0.1707129,-9518,4.866245,58 215 216 60 280 277,-2.373663,0.05295172,2.769399,-2.285386,0.3812312,2.702768,-2.736656,0.3812312,2.104889,-2.824934,0.05295175,2.17152,-2.782076,0.3128749,2.608418,0,0,1
60,1.228127,0.3472266,-0.08835449,-9518,4.832752,59 216 118 26 283 280,-2.373663,0.05295172,2.769399,-2.285386,0.3812312,2.702768,-2.736656,0.3812312,2.104889,-2.824934,0.05295175,2.17152,-2.782076,0.3128749,2.608418,1,0,0
61,1.189951,0.3090894,0.2409058,-9518,4.624082,62 223 64 13 268 269,-2.373663,0.05295172,2.769399,-2.285386,0.3812312,2.702768,-2.736656,0.3812312,2.104889,-2.824934,0.05295175,2.17152,-2.782076,0.3128749,2.608418,1,0,0
62,1.212473,0.3315698,0.1707129,-9518,4.679656,63 226 223 61 269 270,-2.373663,0.05295172,2.769399,-2.285386,0.3812312,2.702768,-2.736656,0.3812312,2.104889,-2.824934,0.05295175,2.17152,-2.782076,0.3128749,2.608418,1,0,0
63,1.228127,0.3472266,0.08835449,-9518,4.736415,26 229 226 62 270 136,-2.373663,0.05295172,2.769399,-2.285386,0.3812312,2.702768,-2.736656,0.3812312,2.104889,-2.824934,0.05295175,2.17152,-2.782076,0.3128749,2.608418,1,0,0
64,1.120906,0.3090894,0.3099512,-9518,4.529485,61 223 13 65 313 85,-2.373663,0.05295172,2.769399,-2.285386,0.3812312,2.702768,-2.736656,0.3812312,2.104889,-2.824934,0.05295175,2.17152,-2.782076,0.3128749,2.608418,1,0,0
65,1.050713,0.3315698,0.3324731,-9518,4.457639,223 64 224 66 316 313,-2.373663,0.05295172,2.769399,-2.285386,0.3812312,2.702768,-2.736656,0.3812312,2.104889,-2.824934,0.05295175,2.17152,-2.782076,0.3128749,2.608418,1,0,0
66,0.9683545,0.3472266,0.3481274,-9518,4.379021,224 65 225 27 319 316,-2.373663,0.05295172,2.769399,-2.285386,0.3812312,2.702768,-2.736656,0.3812312,2.104889,-2.824934,0.05295175,2.17152,-2.782076,0.3128749,2.608418,1,0,0
67,0.6390942,0.3090894,0.3099512,-9518,4.121574,68 235 232 15 304 305,-2.373663,0.05295172,2.769399,-2.285386,0.3812312,2.702768,-2.736656,0.3812312,2.104889,-2.824934,0.05295175,2.17152,-2.782076,0.3128749,2.608418,1,0,0
68,0.7092871,0.3315698,0.3324731,-9518,4.16772,69 238 235 67 305 306,-2.373663,0.05295172,2.769399,-2.285386,0.3812312,2.702768,-2.736656,0.3812312,2.104889,-2.824934,0.05295175,2.17152,-2.782076,0.3128749,2.608418,1,0,0
69,0.7916455,0.3472266,0.3481274,-9518,4.228662,27 121 238 68 306 148,-2.373663,0.05295172,2.769399,-2.285386,0.3812312,2.702768,-2.736656,0.3812312,2.104889,-2.824934,0.05295175,2.17152,-2.782076,0.3128749,2.608418,1,0,0
70,0.5700488,0.3090894,0.2409058,-9518,4.103885,15 232 233 71 349 97,-2.373663,0.05295172,2.769399,-2.285386,0.3812312,2.702768,-2.736656,0.3812312,2.104889,-2.824934,0.05295175,2.17152,-2.782076,0.3128749,2.608418,1,0,0
71,0.5475268,0.3315698,0.1707129,-9518,4.126622,70 233 234 72 352 349,-2.373663,0.05295172,2.769399,-2.285386,0.3812312,2.702768,-2.736656,0.3812312,2.104889,-2.824934,0.05295175,2.17152,-2.782076,0.3128749,2.608418,1,0,0
72,0.5318726,0.3472266,0.08835449,-9518,4.163431,71 234 124 28 355 352,-2.373663,0.05295172,2.769399,-2.285386,0.3812312,2.702768,-2.736656,0.3812312,2.104889,-2.824934,0.05295175,2.17152,-2.782076,0.3128749,2.608418,1,0,0
73,0.5700488,0.3090894,-0.2409058,-9518,4.399477,76 14 241 74 340 341,-2.373663,0.05295172,2.769399,-2.285386,0.3812312,2.702768,-2.736656,0.3812312,2.104889,-2.824934,0.05295175,2.17152,-2.782076,0.3128749,2.608418,1,0,0
74,0.5475268,0.3315698,-0.1707129,-9518,4.33707,241 73 244 75 341 342,-2.373663,0.05295172,2.769399,-2.285386,0.3812312,2.702768,-2.736656,0.3812312,2.104889,-2.824934,0.05295175,2.17152,-2.782076,0.3128749,2.608418,1,0,0
75,0.5318726,0.3472266,-0.08835449,-9518,4.272706,244 74 247 28 342 160,-2.373663,0.05295172,2.769399,-2.285386,0.3812312,2.702768,-2.736656,0.3812312,2.104889,-2.824934,0.05295175,2.17152,-2.782076,0.3128749,2.608418,1,0,0
76,0.6390942,0.3090894,-0.3099512,-9518,4.49681,73 14 241 77 385 103,-2.373663,0.05295172,2.769399,-2.285386,0.3812312,2.702768,-2.736656,0.3812312,2.104889,-2.824934,0.05295175,2.17152,-2.782076,0.3128749,2.608418,1,0,0
77,0.7092871,0.3315698,-0.3324731,-9518,4.564954,242 78 241 76 388 385,-2.373663,0.05295172,2.769399,-2.285386,0.3812312,2.702768,-2.736656,0.3812312,2.104889,-2.824934,0.05295175,2.17152,-2.782076,0.3128749,2.608418,1,0,0
78,0.7916455,0.3472266,-0.3481274,-9518,4.6383,243 29 242 77 391 388,-2.373663,0.05295172,2.769399,-2.285386,0.3812312,2.702768,-2.736656,0.3812312,2.104889,-2.824934,0.05295175,2.17152,-2.782076,0.3128749,2.608418,1,0,0
79,1.120906,0.3090894,-0.3099512,-9518,4.873414,80 217 214 12 376 377,-2.373663,0.05295172,2.769399,-2.285386,0.3812312,2.702768,-2.736656,0.3812312,2.104889,-2.824934,0.05295175,2.17152,-2.782076,0.3128749,2.608418,0,0,1
80,1.050713,0.3315698,-0.3324731,-9518,4.831093,220 217 79 81 377 378,-2.373663,0.05295172,2.769399,-2.285386,0.3812312,2.702768,-2.736656,0.3812312,2.104889,-2.824934,0.05295175,2.17152,-2.782076,0.3128749,2.608418,1,0,0
81,0.9683545,0.3472266,-0.3481274,-9518,4.775779,80 220 127 29 378 172,-2.373663,0.05295172,2.769399,-2.285386,0.3812312,2.702768,-2.736656,0.3812312,2.104889,-2.824934,0.05295175,2.17152,-2.782076,0.3128749,2.608418,1,0,0
82,1.188901,-0.2401929,0.3089014,-9518,4.621939,52 9 259 83 286 289,-2.373663,0.05295172,2.769399,-2.285386,0.3812312,2.702768,-2.736656,0.3812312,2.104889,-2.824934,0.05295175,2.17152,-2.782076,0.3128749,2.608418,1,0,0
83,1.211348,-0.1701416,0.3313476,-9518,4.622314,259 82 260 84 289 292,-2.373663,0.05295172,2.769399,-2.285386,0.3812312,2.702768,-2.736656,0.3812312,2.104889,-2.824934,0.05295175,2.17152,-2.782076,0.3128749,2.608418,1,0,0
84,1.22697,-0.0880603,0.3469702,-9518,4.620319,260 83 261 30 292 151,-2.373663,0.05295172,2.769399,-2.285386,0.3812312,2.702768,-2.736656,0.3812312,2.104889,-2.824934,0.05295175,2.17152,-2.782076,0.3128749,2.608418,1,0,0
85,1.189951,0.2401733,0.3099512,-9518,4.589688,86 271 268 13 313 64,-2.373663,0.05295172,2.769399,-2.285386,0.3812312,2.702768,-2.736656,0.3812312,2.104889,-2.824934,0.05295175,2.17152,-2.782076,0.3128749,2.608418,1,0,0
86,1.212473,0.1698926,0.3324731,-9518,4.599651,87 274 271 85 314 313,-2.373663,0.05295172,2.769399,-2.285386,0.3812312,2.702768,-2.736656,0.3812312,2.104889,-2.824934,0.05295175,2.17152,-2.782076,0.3128749,2.608418,1,0,0
87,1.228127,0.08750671,0.3481274,-9518,4.608843,30 133 274 86 315 314,-2.373663,0.05295172,2.769399,-2.285386,0.3812312,2.702768,-2.736656,0.3812312,2.104889,-2.824934,0.05295175,2.17152,-2.782076,0.3128749,2.608418,1,0,0
88,1.189951,0.2401733,-0.3099512,-9518,4.929418,277 89 58 12 379 376,-2.373663,0.05295172,2.769399,-2.285386,0.3812312,2.702768,-2.736656,0.3812312,2.104889,-2.824934,0.05295175,2.17152,-2.782076,0.3128749,2.608418,0,0,1
89,1.212473,0.1698926,-0.3324731,-9518,4.96243,278 90 277 88 382 379,-2.373663,0.05295172,2.769399,-2.285386,0.3812312,2.702768,-2.736656,0.3812312,2.104889,-2.824934,0.05295175,2.17152,-2.782076,0.3128749,2.608418,0,0,1
90,1.228127,0.08750671,-0.3481274,-9518,4.987352,279 31 278 89 169 382,-2.373663,0.05295172,2.769399,-2.285386,0.3812312,2.702768,-2.736656,0.3812312,2.104889,-2.824934,0.05295175,2.17152,-2.782076,0.3128749,2.608418,0,0,1
91,1.188901,-0.2401929,-0.3089014,-9518,4.958356,8 250 253 92 34 367,-2.373663,0.05295172,2.769399,-2.285386,0.3812312,2.702768,-2.736656,0.3812312,2.104889,-2.824934,0.05295175,2.17152,-2.782076,0.3128749,2.608418,0,0,1
92,1.211348,-0.1701416,-0.3313476,-9518,4.982265,91 253 256 93 367 368,-2.373663,0.05295172,2.769399,-2.285386,0.3812312,2.702768,-2.736656,0.3812312,2.104889,-2.824934,0.05295175,2.17152,-2.782076,0.3128749,2.608418,0,0,1
93,1.22697,-0.0880603,-0.3469702,-9518,4.996751,92 256 139 31 368 369,-2.373663,0.05295172,2.769399,-2.285386,0.3812312,2.702768,-2.736656,0.3812312,2.104889,-2.824934,0.05295175,2.17152,-2.782076,0.3128749,2.608418,0,0,1
94,0.5710986,-0.2401929,0.3089014,-9518,4.103345,46 11 295 95 322 325,-2.373663,0.05295172,2.769399,-2.285386,0.3812312,2.702768,-2.736656,0.3812312,2.104889,-2.824934,0.05295175,2.17152,-2.782076,0.3128749,2.608418,1,0,0
95,0.5486524,-0.1701416,0.3313476,-9518,4.063509,295 94 296 96 325 328,-2.373663,0.05295172,2.769399,-2.285386,0.3812312,2.702768,-2.736656,0.3812312,2.104889,-2.824934,0.05295175,2.17152,-2.782076,0.3128749,2.608418,1,0,0
96,0.5330298,-0.0880603,0.3469702,-9518,4.032967,296 95 297 32 328 163,-2.373663,0.05295172,2.769399,-2.285386,0.3812312,2.702768,-2.736656,0.3812312,2.104889,-2.824934,0.05295175,2.17152,-2.782076,0.3128749,2.608418,1,0,0
97,0.5700488,0.2401733,0.3099512,-9518,4.065093,98 307 304 15 349 70,-2.373663,0.05295172,2.769399,-2.285386,0.3812312,2.702768,-2.736656,0.3812312,2.104889,-2.824934,0.05295175,2.17152,-2.782076,0.3128749,2.608418,1,0,0
98,0.5475268,0.1698926,0.3324731,-9518,4.035669,99 310 307 97 350 349,-2.373663,0.05295172,2.769399,-2.285386,0.3812312,2.702768,-2.736656,0.3812312,2.104889,-2.824934,0.05295175,2.17152,-2.782076,0.3128749,2.608418,1,0,0
99,0.5318726,0.08750671,0.3481274,-9518,4.017706,32 145 310 98 351 350,-2.373663,0.05295172,2.769399,-2.285386,0.3812312,2.702768,-2.736656,0.3812312,2.104889,-2.824934,0.05295175,2.17152,-2.782076,0.3128749,2.608418,1,0,0
100,0.5710986,-0.2401929,-0.3089014,-9518,4.478886,40 10 331 101 358 361,-2.373663,0.05295172,2.769399,-2.285386,0.3812312,2.702768,-2.736656,0.3812312,2.104889,-2.824934,0.05295175,2.17152,-2.782076,0.3128749,2.608418,1,0,0
101,0.5486524,-0.1701416,-0.3313476,-9518,4.4687,331 100 332 102 361 364,-2.373663,0.05295172,2.769399,-2.285386,0.3812312,2.702768,-2.736656,0.3812312,2.104889,-2.824934,0.05295175,2.17152,-2.782076,0.3128749,2.608418,1,0,0
102,0.5330298,-0.0880603,-0.3469702,-9518,4.45926,332 101 333 33 364 175,-2.373663,0.05295172,2.769399,-2.285386,0.3812312,2.702768,-2.736656,0.3812312,2.104889,-2.824934,0.05295175,2.17152,-2.782076,0.3128749,2.608418,1,0,0
103,0.5700488,0.2401733,-0.3099512,-9518,4.445099,104 343 340 14 385 76,-2.373663,0.05295172,2.769399,-2.285386,0.3812312,2.702768,-2.736656,0.3812312,2.104889,-2.824934,0.05295175,2.17152,-2.782076,0.3128749,2.608418,1,0,0
104,0.5475268,0.1698926,-0.3324731,-9518,4.44472,105 346 343 103 386 385,-2.373663,0.05295172,2.769399,-2.285386,0.3812312,2.702768,-2.736656,0.3812312,2.104889,-2.824934,0.05295175,2.17152,-2.782076,0.3128749,2.608418,1,0,0
105,0.5318726,0.08750671,-0.3481274,-9518,4.44682,33 157 346 104 387 386,-2.373663,0.05295172,2.769399,-2.285386,0.3812312,2.702768,-2.736656,0.3812312,2.104889,-2.824934,0.05295175,2.17152,-2.782076,0.3128749,2.608418,1,0,0
106,0.88,-0.4123633,-0.2801587,-9518,4.720238,36 180 107 22 193 194,-2.373663,0.05295172,2.769399,-2.285386,0.3812312,2.702768,-2.736656,0.3812312,2.104889,-2.824934,0.05295175,2.17152,-2.782076,0.3128749,2.608418,1,0,0
107,0.8799999,-0.4585547,-0.1956055,-9518,4.676372,180 183 108 106 194 195,-2.373663,0.05295172,2.769399,-2.285386,0.3812312,2.702768,-2.736656,0.3812312,2.104889,-2.824934,0.05295175,2.17152,-2.782076,0.3128749,2.608418,1,0,0
108,0.88,-0.4882324,-0.1007947,-9518,4.625193,183 186 16 107 195 111,-2.373663,0.05295172,2.769399,-2.285386,0.3812312,2.702768,-2.736656,0.3812312,2.104889,-2.824934,0.05295175,2.17152,-2.782076,0.3128749,2.608418,1,0,0
109,0.5998413,-0.4123633,1.907349E-08,-9518,4.33211,192 110 189 23 202 45,-2.373663,0.05295172,2.769399,-2.285386,0.3812312,2.702768,-2.736656,0.3812312,2.104889,-2.824934,0.05295175,2.17152,-2.782076,0.3128749,2.608418,1,0,0
110,0.6843945,-0.4585547,-3.814694E-10,-9518,4.406287,195 111 192 109 203 202,-2.373663,0.05295172,2.769399,-2.285386,0.3812312,2.702768,-2.736656,0.3812312,2.104889,-2.824934,0.05295175,2.17152,-2.782076,0.3128749,2.608418,1,0,0
111,0.7792047,-0.4882324,0,-9518,4.486462,108 195 16 110 203 204,-2.373663,0.05295172,2.769399,-2.285386,0.3812312,2.702768,-2.736656,0.3812312,2.104889,-2.824934,0.05295175,2.17152,-2.782076,0.3128749,2.608418,1,0,0
112,0.8800001,-0.4123633,0.2801587,-9518,4.399723,113 212 211 198 24 48,-2.373663,0.05295172,2.769399,-2.285386,0.3812312,2.702768,-2.736656,0.3812312,2.104889,-2.824934,0.05295175,2.17152,-2.782076,0.3128749,2.608418,1,0,0
113,0.88,-0.4585547,0.1956055,-9518,4.452816,201 114 213 212 112 198,-2.373663,0.05295172,2.769399,-2.285386,0.3812312,2.702768,-2.736656,0.3812312,2.104889,-2.824934,0.05295175,2.17152,-2.782076,0.3128749,2.608418,1,0,0
114,0.88,-0.4882324,0.1007947,-9518,4.510072,16 117 204 201 113 213,-2.373663,0.05295172,2.769399,-2.285386,0.3812312,2.702768,-2.736656,0.3812312,2.104889,-2.824934,0.05295175,2.17152,-2.782076,0.3128749,2.608418,1,0,0
115,1.160159,-0.4123633,3.814697E-08,-9518,4.782366,57 184 25 116 207 210,-2.373663,0.05295172,2.769399,-2.285386,0.3812312,2.702768,-2.736656,0.3812312,2.104889,-2.824934,0.05295175,2.17152,-2.782076,0.3128749,2.608418,1,0,0
116,1.075606,-0.4585547,1.945489E-08,-9518,4.720239,184 185 117 213 115 210,-2.373663,0.05295172,2.769399,-2.285386,0.3812312,2.702768,-2.736656,0.3812312,2.104889,-2.824934,0.05295175,2.17152,-2.782076,0.3128749,2.608418,1,0,0
117,0.9807947,-0.4882324,-9.536743E-09,-9518,4.648098,185 186 116 16 213 114,-2.373663,0.05295172,2.769399,-2.285386,0.3812312,2.702768,-2.736656,0.3812312,2.104889,-2.824934,0.05295175,2.17152,-2.782076,0.3128749,2.608418,1,0,0
118,1.16115,0.4128613,-9.059906E-08,-9518,4.72894,60 216 119 26 229 230,-2.373663,0.05295172,2.769399,-2.285386,0.3812312,2.702768,-2.736656,0.3812312,2.104889,-2.824934,0.05295175,2.17152,-2.782076,0.3128749,2.608418,1,0,0
119,1.076276,0.4591016,-6.198883E-08,-9518,4.659625,216 219 120 118 230 231,-2.373663,0.05295172,2.769399,-2.285386,0.3812312,2.702768,-2.736656,0.3812312,2.104889,-2.824934,0.05295175,2.17152,-2.782076,0.3128749,2.608418,1,0,0
120,0.9811364,0.4888574,-3.218651E-08,-9518,4.582203,219 222 17 119 231 123,-2.373663,0.05295172,2.769399,-2.285386,0.3812312,2.702768,-2.736656,0.3812312,2.104889,-2.824934,0.05295175,2.17152,-2.782076,0.3128749,2.608418,1,0,0
121,0.8800001,0.4128613,0.2811499,-9518,4.340158,225 27 228 69 122 238,-2.373663,0.05295172,2.769399,-2.285386,0.3812312,2.702768,-2.736656,0.3812312,2.104889,-2.824934,0.05295175,2.17152,-2.782076,0.3128749,2.608418,1,0,0
122,0.8800001,0.4591016,0.1962756,-9518,4.387552,231 228 121 238 123 239,-2.373663,0.05295172,2.769399,-2.285386,0.3812312,2.702768,-2.736656,0.3812312,2.104889,-2.824934,0.05295175,2.17152,-2.782076,0.3128749,2.608418,1,0,0
123,0.88,0.4888574,0.1011359,-9518,4.441648,231 122 120 17 239 240,-2.373663,0.05295172,2.769399,-2.285386,0.3812312,2.702768,-2.736656,0.3812312,2.104889,-2.824934,0.05295175,2.17152,-2.782076,0.3128749,2.608418,1,0,0
124,0.5988501,0.4128613,0,-9518,4.271358,234 125 72 28 247 248,-2.373663,0.05295172,2.769399,-2.285386,0.3812312,2.702768,-2.736656,0.3812312,2.104889,-2.824934,0.05295175,2.17152,-2.782076,0.3128749,2.608418,1,0,0
125,0.6837243,0.4591016,0,-9518,4.340161,237 126 234 124 248 249,-2.373663,0.05295172,2.769399,-2.285386,0.3812312,2.702768,-2.736656,0.3812312,2.104889,-2.824934,0.05295175,2.17152,-2.782076,0.3128749,2.608418,1,0,0
126,0.7788641,0.4888574,0,-9518,4.417591,237 240 17 125 249 129,-2.373663,0.05295172,2.769399,-2.285386,0.3812312,2.702768,-2.736656,0.3812312,2.104889,-2.824934,0.05295175,2.17152,-2.782076,0.3128749,2.608418,1,0,0
127,0.8799999,0.4128613,-0.2811499,-9518,4.665876,81 220 128 29 243 246,-2.373663,0.05295172,2.769399,-2.285386,0.3812312,2.702768,-2.736656,0.3812312,2.104889,-2.824934,0.05295175,2.17152,-2.782076,0.3128749,2.608418,1,0,0
128,0.8799999,0.4591016,-0.1962756,-9518,4.615028,221 129 220 127 246 249,-2.373663,0.05295172,2.769399,-2.285386,0.3812312,2.702768,-2.736656,0.3812312,2.104889,-2.824934,0.05295175,2.17152,-2.782076,0.3128749,2.608418,1,0,0
129,0.8799999,0.4888574,-0.1011359,-9518,4.558887,222 17 221 128 249 126,-2.373663,0.05295172,2.769399,-2.285386,0.3812312,2.702768,-2.736656,0.3812312,2.104889,-2.824934,0.05295175,2.17152,-2.782076,0.3128749,2.608418,1,0,0
130,1.292363,-0.2801587,-3.814697E-08,-9518,4.874073,25 265 57 266 252 131,-2.373663,0.05295172,2.769399,-2.285386,0.3812312,2.702768,-2.736656,0.3812312,2.104889,-2.824934,0.05295175,2.17152,-2.782076,0.3128749,2.608418,0,0,1
131,1.338555,-0.1956055,-7.667521E-08,-9518,4.903264,130 266 252 267 255 132,-2.373663,0.05295172,2.769399,-2.285386,0.3812312,2.702768,-2.736656,0.3812312,2.104889,-2.824934,0.05295175,2.17152,-2.782076,0.3128749,2.608418,0,0,1
132,1.368232,-0.1007953,-3.814697E-08,-9518,4.919352,131 267 255 135 258 18,-2.373663,0.05295172,2.769399,-2.285386,0.3812312,2.702768,-2.736656,0.3812312,2.104889,-2.824934,0.05295175,2.17152,-2.782076,0.3128749,2.608418,0,0,1
133,1.295735,2.270099E-11,0.2777856,-9518,4.707258,261 30 87 264 274 134,-2.373663,0.05295172,2.769399,-2.285386,0.3812312,2.702768,-2.736656,0.3812312,2.104889,-2.824934,0.05295175,2.17152,-2.782076,0.3128749,2.608418,1,0,0
134,1.341938,3.492459E-11,0.1913415,-9518,4.79037,264 133 274 267 135 275,-2.373663,0.05295172,2.769399,-2.285386,0.3812312,2.702768,-2.736656,0.3812312,2.104889,-2.824934,0.05295175,2.17152,-2.782076,0.3128749,2.608418,1,0,0
135,1.370391,7.275958E-12,0.09754516,-9518,4.862648,267 134 132 275 18 276,-2.373663,0.05295172,2.769399,-2.285386,0.3812312,2.702768,-2.736656,0.3812312,2.104889,-2.824934,0.05295175,2.17152,-2.782076,0.3128749,2.608418,0,0,1
136,1.293748,0.2802221,-1.335144E-07,-9518,4.839137,63 270 137 26 284 283,-2.373663,0.05295172,2.769399,-2.285386,0.3812312,2.702768,-2.736656,0.3812312,2.104889,-2.824934,0.05295175,2.17152,-2.782076,0.3128749,2.608418,1,0,0
137,1.339844,0.195459,-1.525879E-07,-9518,4.879329,273 138 270 285 136 284,-2.373663,0.05295172,2.769399,-2.285386,0.3812312,2.702768,-2.736656,0.3812312,2.104889,-2.824934,0.05295175,2.17152,-2.782076,0.3128749,2.608418,0,0,1
138,1.369658,0.1002966,-1.621246E-07,-9518,4.907742,18 141 276 285 273 137,-2.373663,0.05295172,2.769399,-2.285386,0.3812312,2.702768,-2.736656,0.3812312,2.104889,-2.824934,0.05295175,2.17152,-2.782076,0.3128749,2.608418,0,0,1
139,1.293748,-0.0008836472,-0.2811499,-9518,5.006035,93 256 31 140 279 282,-2.373663,0.05295172,2.769399,-2.285386,0.3812312,2.702768,-2.736656,0.3812312,2.104889,-2.824934,0.05295175,2.17152,-2.782076,0.3128749,2.608418,0,0,1
140,1.339844,-0.0008836464,-0.1962756,-9518,4.995495,256 257 141 139 282 285,-2.373663,0.05295172,2.769399,-2.285386,0.3812312,2.702768,-2.736656,0.3812312,2.104889,-2.824934,0.05295175,2.17152,-2.782076,0.3128749,2.608418,0,0,1
141,1.369658,-0.0008836508,-0.1011359,-9518,4.967597,258 18 257 140 138 285,-2.373663,0.05295172,2.769399,-2.285386,0.3812312,2.702768,-2.736656,0.3812312,2.104889,-2.824934,0.05295175,2.17152,-2.782076,0.3128749,2.608418,0,0,1
142,0.8800001,-0.2801587,0.4123633,-9518,4.311049,24 301 51 302 288 143,-2.373663,0.05295172,2.769399,-2.285386,0.3812312,2.702768,-2.736656,0.3812312,2.104889,-2.824934,0.05295175,2.17152,-2.782076,0.3128749,2.608418,1,0,0
143,0.8800001,-0.1956055,0.4585547,-9518,4.276829,142 302 288 303 291 144,-2.373663,0.05295172,2.769399,-2.285386,0.3812312,2.702768,-2.736656,0.3812312,2.104889,-2.824934,0.05295175,2.17152,-2.782076,0.3128749,2.608418,1,0,0
144,0.8800001,-0.1007953,0.4882324,-9518,4.251719,143 303 291 147 294 19,-2.373663,0.05295172,2.769399,-2.285386,0.3812312,2.702768,-2.736656,0.3812312,2.104889,-2.824934,0.05295175,2.17152,-2.782076,0.3128749,2.608418,1,0,0
145,0.6022143,3.143213E-11,0.4157349,-9518,4.044647,297 32 99 300 310 146,-2.373663,0.05295172,2.769399,-2.285386,0.3812312,2.702768,-2.736656,0.3812312,2.104889,-2.824934,0.05295175,2.17152,-2.782076,0.3128749,2.608418,1,0,0
146,0.6886585,-8.076313E-12,0.4619385,-9518,4.092831,300 145 310 303 147 311,-2.373663,0.05295172,2.769399,-2.285386,0.3812312,2.702768,-2.736656,0.3812312,2.104889,-2.824934,0.05295175,2.17152,-2.782076,0.3128749,2.608418,1,0,0
147,0.7824548,3.588866E-11,0.4903906,-9518,4.158102,303 146 144 311 19 312,-2.373663,0.05295172,2.769399,-2.285386,0.3812312,2.702768,-2.736656,0.3812312,2.104889,-2.824934,0.05295175,2.17152,-2.782076,0.3128749,2.608418,1,0,0
148,0.8800001,0.2802221,0.4137475,-9518,4.269478,69 306 149 27 320 319,-2.373663,0.05295172,2.769399,-2.285386,0.3812312,2.702768,-2.736656,0.3812312,2.104889,-2.824934,0.05295175,2.17152,-2.782076,0.3128749,2.608418,1,0,0
149,0.8800001,0.195459,0.4598437,-9518,4.247465,309 150 306 321 148 320,-2.373663,0.05295172,2.769399,-2.285386,0.3812312,2.702768,-2.736656,0.3812312,2.104889,-2.824934,0.05295175,2.17152,-2.782076,0.3128749,2.608418,1,0,0
150,0.8800001,0.1002972,0.4896582,-9518,4.23617,19 153 312 321 309 149,-2.373663,0.05295172,2.769399,-2.285386,0.3812312,2.702768,-2.736656,0.3812312,2.104889,-2.824934,0.05295175,2.17152,-2.782076,0.3128749,2.608418,1,0,0
151,1.157786,-3.143213E-11,0.4157349,-9518,4.519763,84 292 30 152 315 318,-2.373663,0.05295172,2.769399,-2.285386,0.3812312,2.702768,-2.736656,0.3812312,2.104889,-2.824934,0.05295175,2.17152,-2.782076,0.3128749,2.608418,1,0,0
152,1.071342,8.076313E-12,0.4619385,-9518,4.422001,292 293 153 151 318 321,-2.373663,0.05295172,2.769399,-2.285386,0.3812312,2.702768,-2.736656,0.3812312,2.104889,-2.824934,0.05295175,2.17152,-2.782076,0.3128749,2.608418,1,0,0
153,0.9775451,-3.605237E-11,0.4903906,-9518,4.326509,294 19 293 152 150 321,-2.373663,0.05295172,2.769399,-2.285386,0.3812312,2.702768,-2.736656,0.3812312,2.104889,-2.824934,0.05295175,2.17152,-2.782076,0.3128749,2.608418,1,0,0
154,0.4676367,-0.2801587,3.814697E-08,-9518,4.209058,45 23 324 155 337 338,-2.373663,0.05295172,2.769399,-2.285386,0.3812312,2.702768,-2.736656,0.3812312,2.104889,-2.824934,0.05295175,2.17152,-2.782076,0.3128749,2.608418,1,0,0
155,0.4214453,-0.1956055,3.852852E-08,-9518,4.162324,324 154 327 156 338 339,-2.373663,0.05295172,2.769399,-2.285386,0.3812312,2.702768,-2.736656,0.3812312,2.104889,-2.824934,0.05295175,2.17152,-2.782076,0.3128749,2.608418,1,0,0
156,0.3917676,-0.1007947,3.814697E-08,-9518,4.128953,327 155 330 20 339 159,-2.373663,0.05295172,2.769399,-2.285386,0.3812312,2.702768,-2.736656,0.3812312,2.104889,-2.824934,0.05295175,2.17152,-2.782076,0.3128749,2.608418,1,0,0
157,0.4662524,-0.0008836098,-0.2811499,-9518,4.358862,333 33 105 336 346 158,-2.373663,0.05295172,2.769399,-2.285386,0.3812312,2.702768,-2.736656,0.3812312,2.104889,-2.824934,0.05295175,2.17152,-2.782076,0.3128749,2.608418,1,0,0
158,0.4201563,-0.0008836057,-0.1962756,-9518,4.268377,336 157 339 346 159 347,-2.373663,0.05295172,2.769399,-2.285386,0.3812312,2.702768,-2.736656,0.3812312,2.104889,-2.824934,0.05295175,2.17152,-2.782076,0.3128749,2.608418,1,0,0
159,0.3903418,-0.000883606,-0.1011359,-9518,4.183821,156 339 158 20 347 348,-2.373663,0.05295172,2.769399,-2.285386,0.3812312,2.702768,-2.736656,0.3812312,2.104889,-2.824934,0.05295175,2.17152,-2.782076,0.3128749,2.608418,1,0,0
160,0.4662524,0.2802221,0,-9518,4.166119,161 356 355 28 342 75,-2.373663,0.05295172,2.769399,-2.285386,0.3812312,2.702768,-2.736656,0.3812312,2.104889,-2.824934,0.05295175,2.17152,-2.782076,0.3128749,2.608418,1,0,0
161,0.4201563,0.195459,0,-9518,4.131818,162 357 356 160 345 342,-2.373663,0.05295172,2.769399,-2.285386,0.3812312,2.702768,-2.736656,0.3812312,2.104889,-2.824934,0.05295175,2.17152,-2.782076,0.3128749,2.608418,1,0,0
162,0.3903418,0.1002972,0,-9518,4.112575,20 165 357 161 348 345,-2.373663,0.05295172,2.769399,-2.285386,0.3812312,2.702768,-2.736656,0.3812312,2.104889,-2.824934,0.05295175,2.17152,-2.782076,0.3128749,2.608418,1,0,0
163,0.4642651,-2.313754E-11,0.2777856,-9518,4.00855,96 328 164 32 354 351,-2.373663,0.05295172,2.769399,-2.285386,0.3812312,2.702768,-2.736656,0.3812312,2.104889,-2.824934,0.05295175,2.17152,-2.782076,0.3128749,2.608418,1,0,0
164,0.4180615,-3.492459E-11,0.1913415,-9518,4.022565,329 165 328 357 163 354,-2.373663,0.05295172,2.769399,-2.285386,0.3812312,2.702768,-2.736656,0.3812312,2.104889,-2.824934,0.05295175,2.17152,-2.782076,0.3128749,2.608418,1,0,0
165,0.3896094,-7.275958E-12,0.09754516,-9518,4.057334,330 20 329 162 357 164,-2.373663,0.05295172,2.769399,-2.285386,0.3812312,2.702768,-2.736656,0.3812312,2.104889,-2.824934,0.05295175,2.17152,-2.782076,0.3128749,2.608418,1,0,0
166,0.88,-0.2801587,-0.4123633,-9518,4.7841,22 373 39 374 360 167,-2.373663,0.05295172,2.769399,-2.285386,0.3812312,2.702768,-2.736656,0.3812312,2.104889,-2.824934,0.05295175,2.17152,-2.782076,0.3128749,2.608418,1,0,0
167,0.88,-0.1956055,-0.4585547,-9518,4.803715,166 374 360 375 363 168,-2.373663,0.05295172,2.769399,-2.285386,0.3812312,2.702768,-2.736656,0.3812312,2.104889,-2.824934,0.05295175,2.17152,-2.782076,0.3128749,2.608418,1,0,0
168,0.8800001,-0.1007953,-0.4882324,-9518,4.813644,167 375 363 171 366 21,-2.373663,0.05295172,2.769399,-2.285386,0.3812312,2.702768,-2.736656,0.3812312,2.104889,-2.824934,0.05295175,2.17152,-2.782076,0.3128749,2.608418,1,0,0
169,1.16115,-0.0008836342,-0.4137475,-9518,4.978048,369 31 90 372 382 170,-2.373663,0.05295172,2.769399,-2.285386,0.3812312,2.702768,-2.736656,0.3812312,2.104889,-2.824934,0.05295175,2.17152,-2.782076,0.3128749,2.608418,0,0,1
170,1.076276,-0.0008836379,-0.4598437,-9518,4.93959,372 169 382 375 171 383,-2.373663,0.05295172,2.769399,-2.285386,0.3812312,2.702768,-2.736656,0.3812312,2.104889,-2.824934,0.05295175,2.17152,-2.782076,0.3128749,2.608418,0,0,1
171,0.9811358,-0.0008836288,-0.4896582,-9518,4.884494,375 170 168 383 21 384,-2.373663,0.05295172,2.769399,-2.285386,0.3812312,2.702768,-2.736656,0.3812312,2.104889,-2.824934,0.05295175,2.17152,-2.782076,0.3128749,2.608418,0,0,1
172,0.8799998,0.2802221,-0.4137475,-9518,4.748194,81 378 173 29 392 391,-2.373663,0.05295172,2.769399,-2.285386,0.3812312,2.702768,-2.736656,0.3812312,2.104889,-2.824934,0.05295175,2.17152,-2.782076,0.3128749,2.608418,1,0,0
173,0.8799998,0.195459,-0.4598437,-9518,4.778997,381 174 378 393 172 392,-2.373663,0.05295172,2.769399,-2.285386,0.3812312,2.702768,-2.736656,0.3812312,2.104889,-2.824934,0.05295175,2.17152,-2.782076,0.3128749,2.608418,1,0,0
174,0.8799998,0.1002972,-0.4896582,-9518,4.801465,21 177 384 393 381 173,-2.373663,0.05295172,2.769399,-2.285386,0.3812312,2.702768,-2.736656,0.3812312,2.104889,-2.824934,0.05295175,2.17152,-2.782076,0.3128749,2.608418,1,0,0
175,0.5988501,-0.0008836147,-0.4137475,-9518,4.545612,102 364 33 176 387 390,-2.373663,0.05295172,2.769399,-2.285386,0.3812312,2.702768,-2.736656,0.3812312,2.104889,-2.824934,0.05295175,2.17152,-2.782076,0.3128749,2.608418,1,0,0
176,0.6837243,-0.0008836184,-0.4598437,-9518,4.639444,364 365 177 175 390 393,-2.373663,0.05295172,2.769399,-2.285386,0.3812312,2.702768,-2.736656,0.3812312,2.104889,-2.824934,0.05295175,2.17152,-2.782076,0.3128749,2.608418,1,0,0
177,0.7788641,-0.0008836251,-0.4896582,-9518,4.730414,366 21 365 176 174 393,-2.373663,0.05295172,2.769399,-2.285386,0.3812312,2.702768,-2.736656,0.3812312,2.104889,-2.824934,0.05295175,2.17152,-2.782076,0.3128749,2.608418,1,0,0
178,1.128503,-0.3535864,-0.2485034,-9518,4.88864,181 182 179 55 8 34,-2.373663,0.05295172,2.769399,-2.285386,0.3812312,2.702768,-2.736656,0.3812312,2.104889,-2.824934,0.05295175,2.17152,-2.782076,0.3128749,2.608418,0,0,1
179,1.054878,-0.3852368,-0.2637085,-9518,4.843417,182 183 178 34 35 180,-2.373663,0.05295172,2.769399,-2.285386,0.3812312,2.702768,-2.736656,0.3812312,2.104889,-2.824934,0.05295175,2.17152,-2.782076,0.3128749,2.608418,0,0,1
180,0.9702124,-0.4055811,-0.2754956,-9518,4.786732,35 179 183 36 107 106,-2.373663,0.05295172,2.769399,-2.285386,0.3812312,2.702768,-2.736656,0.3812312,2.104889,-2.824934,0.05295175,2.17152,-2.782076,0.3128749,2.608418,1,0,0
181,1.143708,-0.3852368,-0.1748779,-9518,4.862703,185 182 184 178 56 55,-2.373663,0.05295172,2.769399,-2.285386,0.3812312,2.702768,-2.736656,0.3812312,2.104889,-2.824934,0.05295175,2.17152,-2.782076,0.3128749,2.608418,0,0,1
182,1.063943,-0.4252783,-0.1839429,-9518,4.809783,185 186 181 183 178 179,-2.373663,0.05295172,2.769399,-2.285386,0.3812312,2.702768,-2.736656,0.3812312,2.104889,-2.824934,0.05295175,2.17152,-2.782076,0.3128749,2.608418,1,0,0
183,0.9745075,-0.4502636,-0.1919995,-9518,4.747277,182 186 108 179 180 107,-2.373663,0.05295172,2.769399,-2.285386,0.3812312,2.702768,-2.736656,0.3812312,2.104889,-2.824934,0.05295175,2.17152,-2.782076,0.3128749,2.608418,1,0,0
184,1.155496,-0.4055811,-0.0902124,-9518,4.827344,181 185 116 56 57 115,-2.373663,0.05295172,2.769399,-2.285386,0.3812312,2.702768,-2.736656,0.3812312,2.104889,-2.824934,0.05295175,2.17152,-2.782076,0.3128749,2.608418,0,0,1
185,1.072,-0.4502636,-0.09450744,-9518,4.768866,117 186 182 181 184 116,-2.373663,0.05295172,2.769399,-2.285386,0.3812312,2.702768,-2.736656,0.3812312,2.104889,-2.824934,0.05295175,2.17152,-2.782076,0.3128749,2.608418,1,0,0
186,0.9787524,-0.4785693,-0.09875244,-9518,4.700956,185 117 182 16 183 108,-2.373663,0.05295172,2.769399,-2.285386,0.3812312,2.702768,-2.736656,0.3812312,2.104889,-2.824934,0.05295175,2.17152,-2.782076,0.3128749,2.608418,1,0,0
187,0.6314965,-0.3535864,-0.2485034,-9518,4.500961,190 188 41 38 40 37,-2.373663,0.05295172,2.769399,-2.285386,0.3812312,2.702768,-2.736656,0.3812312,2.104889,-2.824934,0.05295175,2.17152,-2.782076,0.3128749,2.608418,1,0,0
188,0.6162915,-0.3852368,-0.1748779,-9518,4.447808,191 189 42 190 41 187,-2.373663,0.05295172,2.769399,-2.285386,0.3812312,2.702768,-2.736656,0.3812312,2.104889,-2.824934,0.05295175,2.17152,-2.782076,0.3128749,2.608418,1,0,0
189,0.6045044,-0.4055811,-0.0902124,-9518,4.3895,192 109 191 23 42 188,-2.373663,0.05295172,2.769399,-2.285386,0.3812312,2.702768,-2.736656,0.3812312,2.104889,-2.824934,0.05295175,2.17152,-2.782076,0.3128749,2.608418,1,0,0
190,0.7051221,-0.3852368,-0.2637085,-9518,4.571326,39 193 38 191 188 187,-2.373663,0.05295172,2.769399,-2.285386,0.3812312,2.702768,-2.736656,0.3812312,2.104889,-2.824934,0.05295175,2.17152,-2.782076,0.3128749,2.608418,1,0,0
191,0.6960571,-0.4252783,-0.1839429,-9518,4.521013,193 194 192 190 189 188,-2.373663,0.05295172,2.769399,-2.285386,0.3812312,2.702768,-2.736656,0.3812312,2.104889,-2.824934,0.05295175,2.17152,-2.782076,0.3128749,2.608418,1,0,0
192,0.6880005,-0.4502636,-0.09450744,-9518,4.46426,195 110 194 109 191 189,-2.373663,0.05295172,2.769399,-2.285386,0.3812312,2.702768,-2.736656,0.3812312,2.104889,-2.824934,0.05295175,2.17152,-2.782076,0.3128749,2.608418,1,0,0
193,0.7897876,-0.4055811,-0.2754956,-9518,4.646649,22 106 39 194 190 191,-2.373663,0.05295172,2.769399,-2.285386,0.3812312,2.702768,-2.736656,0.3812312,2.104889,-2.824934,0.05295175,2.17152,-2.782076,0.3128749,2.608418,1,0,0
194,0.7854925,-0.4502636,-0.1919995,-9518,4.599159,106 107 193 195 192 191,-2.373663,0.05295172,2.769399,-2.285386,0.3812312,2.702768,-2.736656,0.3812312,2.104889,-2.824934,0.05295175,2.17152,-2.782076,0.3128749,2.608418,1,0,0
195,0.7812476,-0.4785693,-0.09875244,-9518,4.544495,107 108 194 111 110 192,-2.373663,0.05295172,2.769399,-2.285386,0.3812312,2.702768,-2.736656,0.3812312,2.104889,-2.824934,0.05295175,2.17152,-2.782076,0.3128749,2.608418,1,0,0
196,0.6314965,-0.3535864,0.2485034,-9518,4.203075,46 197 11 43 200 199,-2.373663,0.05295172,2.769399,-2.285386,0.3812312,2.702768,-2.736656,0.3812312,2.104889,-2.824934,0.05295175,2.17152,-2.782076,0.3128749,2.608418,1,0,0
197,0.7051221,-0.3852368,0.2637085,-9518,4.259762,47 198 46 201 196 200,-2.373663,0.05295172,2.769399,-2.285386,0.3812312,2.702768,-2.736656,0.3812312,2.104889,-2.824934,0.05295175,2.17152,-2.782076,0.3128749,2.608418,1,0,0
198,0.7897876,-0.4055811,0.2754956,-9518,4.326305,201 113 112 48 47 197,-2.373663,0.05295172,2.769399,-2.285386,0.3812312,2.702768,-2.736656,0.3812312,2.104889,-2.824934,0.05295175,2.17152,-2.782076,0.3128749,2.608418,1,0,0
199,0.6162915,-0.3852368,0.1748779,-9518,4.237733,43 196 200 44 203 202,-2.373663,0.05295172,2.769399,-2.285386,0.3812312,2.702768,-2.736656,0.3812312,2.104889,-2.824934,0.05295175,2.17152,-2.782076,0.3128749,2.608418,1,0,0
200,0.6960571,-0.4252783,0.1839429,-9518,4.303529,197 201 196 204 199 203,-2.373663,0.05295172,2.769399,-2.285386,0.3812312,2.702768,-2.736656,0.3812312,2.104889,-2.824934,0.05295175,2.17152,-2.782076,0.3128749,2.608418,1,0,0
201,0.7854925,-0.4502636,0.1919995,-9518,4.375957,204 114 113 198 197 200,-2.373663,0.05295172,2.769399,-2.285386,0.3812312,2.702768,-2.736656,0.3812312,2.104889,-2.824934,0.05295175,2.17152,-2.782076,0.3128749,2.608418,1,0,0
202,0.6045044,-0.4055811,0.0902124,-9518,4.280942,44 199 203 45 110 109,-2.373663,0.05295172,2.769399,-2.285386,0.3812312,2.702768,-2.736656,0.3812312,2.104889,-2.824934,0.05295175,2.17152,-2.782076,0.3128749,2.608418,1,0,0
203,0.6880005,-0.4502636,0.09450744,-9518,4.35242,200 204 199 202 111 110,-2.373663,0.05295172,2.769399,-2.285386,0.3812312,2.702768,-2.736656,0.3812312,2.104889,-2.824934,0.05295175,2.17152,-2.782076,0.3128749,2.608418,1,0,0
204,0.7812476,-0.4785693,0.09875244,-9518,4.429682,16 114 201 200 203 111,-2.373663,0.05295172,2.769399,-2.285386,0.3812312,2.702768,-2.736656,0.3812312,2.104889,-2.824934,0.05295175,2.17152,-2.782076,0.3128749,2.608418,1,0,0
205,1.128503,-0.3535864,0.2485034,-9518,4.615842,206 53 52 208 50 49,-2.373663,0.05295172,2.769399,-2.285386,0.3812312,2.702768,-2.736656,0.3812312,2.104889,-2.824934,0.05295175,2.17152,-2.782076,0.3128749,2.608418,1,0,0
206,1.143708,-0.3852368,0.1748779,-9518,4.671323,207 54 53 209 205 208,-2.373663,0.05295172,2.769399,-2.285386,0.3812312,2.702768,-2.736656,0.3812312,2.104889,-2.824934,0.05295175,2.17152,-2.782076,0.3128749,2.608418,1,0,0
207,1.155496,-0.4055811,0.0902124,-9518,4.728848,115 25 54 210 206 209,-2.373663,0.05295172,2.769399,-2.285386,0.3812312,2.702768,-2.736656,0.3812312,2.104889,-2.824934,0.05295175,2.17152,-2.782076,0.3128749,2.608418,1,0,0
208,1.054878,-0.3852368,0.2637085,-9518,4.55052,211 209 206 205 51 50,-2.373663,0.05295172,2.769399,-2.285386,0.3812312,2.702768,-2.736656,0.3812312,2.104889,-2.824934,0.05295175,2.17152,-2.782076,0.3128749,2.608418,1,0,0
209,1.063943,-0.4252783,0.1839429,-9518,4.605954,210 207 206 212 211 208,-2.373663,0.05295172,2.769399,-2.285386,0.3812312,2.702768,-2.736656,0.3812312,2.104889,-2.824934,0.05295175,2.17152,-2.782076,0.3128749,2.608418,1,0,0
210,1.072,-0.4502636,0.09450744,-9518,4.664335,116 115 207 213 209 212,-2.373663,0.05295172,2.769399,-2.285386,0.3812312,2.702768,-2.736656,0.3812312,2.104889,-2.824934,0.05295175,2.17152,-2.782076,0.3128749,2.608418,1,0,0
211,0.9702124,-0.4055811,0.2754956,-9518,4.476424,212 209 112 208 24 51,-2.373663,0.05295172,2.769399,-2.285386,0.3812312,2.702768,-2.736656,0.3812312,2.104889,-2.824934,0.05295175,2.17152,-2.782076,0.3128749,2.608418,1,0,0
212,0.9745075,-0.4502636,0.1919995,-9518,4.531377,113 213 210 209 112 211,-2.373663,0.05295172,2.769399,-2.285386,0.3812312,2.702768,-2.736656,0.3812312,2.104889,-2.824934,0.05295175,2.17152,-2.782076,0.3128749,2.608418,1,0,0
213,0.9787524,-0.4785693,0.09875244,-9518,4.590058,117 116 210 113 114 212,-2.373663,0.05295172,2.769399,-2.285386,0.3812312,2.702768,-2.736656,0.3812312,2.104889,-2.824934,0.05295175,2.17152,-2.782076,0.3128749,2.608418,1,0,0
214,1.129236,0.3538598,-0.2492358,-9518,4.844195,217 218 215 79 12 58,-2.373663,0.05295172,2.769399,-2.285386,0.3812312,2.702768,-2.736656,0.3812312,2.104889,-2.824934,0.05295175,2.17152,-2.782076,0.3128749,2.608418,0,0,1
215,1.144644,0.3856372,-0.1754565,-9518,4.813977,218 219 214 58 59 216,-2.373663,0.05295172,2.769399,-2.285386,0.3812312,2.702768,-2.736656,0.3812312,2.104889,-2.824934,0.05295175,2.17152,-2.782076,0.3128749,2.608418,0,0,1
216,1.156475,0.4060791,-0.09051941,-9518,4.775472,59 215 219 60 119 118,-2.373663,0.05295172,2.769399,-2.285386,0.3812312,2.702768,-2.736656,0.3812312,2.104889,-2.824934,0.05295175,2.17152,-2.782076,0.3128749,2.608418,1,0,0
217,1.055457,0.3856372,-0.2646435,-9518,4.794417,221 218 220 214 80 79,-2.373663,0.05295172,2.769399,-2.285386,0.3812312,2.702768,-2.736656,0.3812312,2.104889,-2.824934,0.05295175,2.17152,-2.782076,0.3128749,2.608418,1,0,0
218,1.064567,0.4257813,-0.1845666,-9518,4.755015,221 222 219 217 215 214,-2.373663,0.05295172,2.769399,-2.285386,0.3812312,2.702768,-2.736656,0.3812312,2.104889,-2.824934,0.05295175,2.17152,-2.782076,0.3128749,2.608418,1,0,0
219,1.072636,0.4508106,-0.09482116,-9518,4.710131,218 222 120 215 216 119,-2.373663,0.05295172,2.769399,-2.285386,0.3812312,2.702768,-2.736656,0.3812312,2.104889,-2.824934,0.05295175,2.17152,-2.782076,0.3128749,2.608418,1,0,0
220,0.9705194,0.4060791,-0.2764746,-9518,4.734265,128 221 217 80 81 127,-2.373663,0.05295172,2.769399,-2.285386,0.3812312,2.702768,-2.736656,0.3812312,2.104889,-2.824934,0.05295175,2.17152,-2.782076,0.3128749,2.608418,1,0,0
221,0.9748212,0.4508106,-0.1926355,-9518,4.688198,129 222 218 128 217 220,-2.373663,0.05295172,2.769399,-2.285386,0.3812312,2.702768,-2.736656,0.3812312,2.104889,-2.824934,0.05295175,2.17152,-2.782076,0.3128749,2.608418,1,0,0
222,0.9790875,0.4791992,-0.09908752,-9518,4.637305,129 17 221 218 219 120,-2.373663,0.05295172,2.769399,-2.285386,0.3812312,2.702768,-2.736656,0.3812312,2.104889,-2.824934,0.05295175,2.17152,-2.782076,0.3128749,2.608418,1,0,0
223,1.129236,0.3538598,0.2492358,-9518,4.567908,62 226 61 64 65 224,-2.373663,0.05295172,2.769399,-2.285386,0.3812312,2.702768,-2.736656,0.3812312,2.104889,-2.824934,0.05295175,2.17152,-2.782076,0.3128749,2.608418,1,0,0
224,1.055457,0.3856372,0.2646435,-9518,4.497247,226 223 65 227 66 225,-2.373663,0.05295172,2.769399,-2.285386,0.3812312,2.702768,-2.736656,0.3812312,2.104889,-2.824934,0.05295175,2.17152,-2.782076,0.3128749,2.608418,1,0,0
225,0.9705194,0.4060791,0.2764746,-9518,4.41912,224 66 227 27 228 121,-2.373663,0.05295172,2.769399,-2.285386,0.3812312,2.702768,-2.736656,0.3812312,2.104889,-2.824934,0.05295175,2.17152,-2.782076,0.3128749,2.608418,1,0,0
226,1.144644,0.3856372,0.1754565,-9518,4.619927,63 229 62 227 223 224,-2.373663,0.05295172,2.769399,-2.285386,0.3812312,2.702768,-2.736656,0.3812312,2.104889,-2.824934,0.05295175,2.17152,-2.782076,0.3128749,2.608418,1,0,0
227,1.064567,0.4257813,0.1845666,-9518,4.548018,229 230 226 224 225 228,-2.373663,0.05295172,2.769399,-2.285386,0.3812312,2.702768,-2.736656,0.3812312,2.104889,-2.824934,0.05295175,2.17152,-2.782076,0.3128749,2.608418,1,0,0
228,0.9748212,0.4508106,0.1926355,-9518,4.468703,230 227 225 231 121 122,-2.373663,0.05295172,2.769399,-2.285386,0.3812312,2.702768,-2.736656,0.3812312,2.104889,-2.824934,0.05295175,2.17152,-2.782076,0.3128749,2.608418,1,0,0
229,1.156475,0.4060791,0.09051941,-9518,4.675541,26 118 63 230 226 227,-2.373663,0.05295172,2.769399,-2.285386,0.3812312,2.702768,-2.736656,0.3812312,2.104889,-2.824934,0.05295175,2.17152,-2.782076,0.3128749,2.608418,1,0,0
230,1.072636,0.4508106,0.09482116,-9518,4.603911,118 119 229 231 227 228,-2.373663,0.05295172,2.769399,-2.285386,0.3812312,2.702768,-2.736656,0.3812312,2.104889,-2.824934,0.05295175,2.17152,-2.782076,0.3128749,2.608418,1,0,0
231,0.9790875,0.4791992,0.09908752,-9518,4.524462,119 120 230 228 122 123,-2.373663,0.05295172,2.769399,-2.285386,0.3812312,2.702768,-2.736656,0.3812312,2.104889,-2.824934,0.05295175,2.17152,-2.782076,0.3128749,2.608418,1,0,0
232,0.6307641,0.3538598,0.2492358,-9518,4.149084,67 235 15 70 236 233,-2.373663,0.05295172,2.769399,-2.285386,0.3812312,2.702768,-2.736656,0.3812312,2.104889,-2.824934,0.05295175,2.17152,-2.782076,0.3128749,2.608418,1,0,0
233,0.6153564,0.3856372,0.1754565,-9518,4.179371,70 232 236 71 237 234,-2.373663,0.05295172,2.769399,-2.285386,0.3812312,2.702768,-2.736656,0.3812312,2.104889,-2.824934,0.05295175,2.17152,-2.782076,0.3128749,2.608418,1,0,0
234,0.6035254,0.4060791,0.09051941,-9518,4.220284,71 233 237 72 125 124,-2.373663,0.05295172,2.769399,-2.285386,0.3812312,2.702768,-2.736656,0.3812312,2.104889,-2.824934,0.05295175,2.17152,-2.782076,0.3128749,2.608418,1,0,0
235,0.7045435,0.3856372,0.2646435,-9518,4.201796,68 238 67 239 232 236,-2.373663,0.05295172,2.769399,-2.285386,0.3812312,2.702768,-2.736656,0.3812312,2.104889,-2.824934,0.05295175,2.17152,-2.782076,0.3128749,2.608418,1,0,0
236,0.6954334,0.4257813,0.1845666,-9518,4.240386,235 239 232 240 233 237,-2.373663,0.05295172,2.769399,-2.285386,0.3812312,2.702768,-2.736656,0.3812312,2.104889,-2.824934,0.05295175,2.17152,-2.782076,0.3128749,2.608418,1,0,0
237,0.6873645,0.4508106,0.09482116,-9518,4.286515,236 240 233 234 126 125,-2.373663,0.05295172,2.769399,-2.285386,0.3812312,2.702768,-2.736656,0.3812312,2.104889,-2.824934,0.05295175,2.17152,-2.782076,0.3128749,2.608418,1,0,0
238,0.7894806,0.4060791,0.2764746,-9518,4.266458,69 121 122 68 235 239,-2.373663,0.05295172,2.769399,-2.285386,0.3812312,2.702768,-2.736656,0.3812312,2.104889,-2.824934,0.05295175,2.17152,-2.782076,0.3128749,2.608418,1,0,0
239,0.7851788,0.4508106,0.1926355,-9518,4.310492,238 122 123 235 240 236,-2.373663,0.05295172,2.769399,-2.285386,0.3812312,2.702768,-2.736656,0.3812312,2.104889,-2.824934,0.05295175,2.17152,-2.782076,0.3128749,2.608418,1,0,0
240,0.7809125,0.4791992,0.09908752,-9518,4.361111,239 123 17 236 237 126,-2.373663,0.05295172,2.769399,-2.285386,0.3812312,2.702768,-2.736656,0.3812312,2.104889,-2.824934,0.05295175,2.17152,-2.782076,0.3128749,2.608418,1,0,0
241,0.6307641,0.3538598,-0.2492358,-9518,4.451443,73 76 77 74 242 244,-2.373663,0.05295172,2.769399,-2.285386,0.3812312,2.702768,-2.736656,0.3812312,2.104889,-2.824934,0.05295175,2.17152,-2.782076,0.3128749,2.608418,1,0,0
242,0.7045435,0.3856372,-0.2646435,-9518,4.518439,243 78 77 241 244 245,-2.373663,0.05295172,2.769399,-2.285386,0.3812312,2.702768,-2.736656,0.3812312,2.104889,-2.824934,0.05295175,2.17152,-2.782076,0.3128749,2.608418,1,0,0
243,0.7894812,0.4060791,-0.2764746,-9518,4.592093,127 29 78 246 242 245,-2.373663,0.05295172,2.769399,-2.285386,0.3812312,2.702768,-2.736656,0.3812312,2.104889,-2.824934,0.05295175,2.17152,-2.782076,0.3128749,2.608418,1,0,0
244,0.6153564,0.3856372,-0.1754565,-9518,4.392926,74 241 242 75 245 247,-2.373663,0.05295172,2.769399,-2.285386,0.3812312,2.702768,-2.736656,0.3812312,2.104889,-2.824934,0.05295175,2.17152,-2.782076,0.3128749,2.608418,1,0,0
245,0.6954334,0.4257813,-0.1845666,-9518,4.461679,244 242 243 246 247 248,-2.373663,0.05295172,2.769399,-2.285386,0.3812312,2.702768,-2.736656,0.3812312,2.104889,-2.824934,0.05295175,2.17152,-2.782076,0.3128749,2.608418,1,0,0
246,0.7851788,0.4508106,-0.1926355,-9518,4.537646,128 127 243 245 248 249,-2.373663,0.05295172,2.769399,-2.285386,0.3812312,2.702768,-2.736656,0.3812312,2.104889,-2.824934,0.05295175,2.17152,-2.782076,0.3128749,2.608418,1,0,0
247,0.6035254,0.4060791,-0.09051941,-9518,4.330733,75 244 245 28 124 248,-2.373663,0.05295172,2.769399,-2.285386,0.3812312,2.702768,-2.736656,0.3812312,2.104889,-2.824934,0.05295175,2.17152,-2.782076,0.3128749,2.608418,1,0,0
248,0.6873645,0.4508106,-0.09482116,-9518,4.400403,247 245 124 246 125 249,-2.373663,0.05295172,2.769399,-2.285386,0.3812312,2.702768,-2.736656,0.3812312,2.104889,-2.824934,0.05295175,2.17152,-2.782076,0.3128749,2.608418,1,0,0
249,0.7809125,0.4791992,-0.09908752,-9518,4.478073,248 246 125 128 126 129,-2.373663,0.05295172,2.769399,-2.285386,0.3812312,2.702768,-2.736656,0.3812312,2.104889,-2.824934,0.05295175,2.17152,-2.782076,0.3128749,2.608418,1,0,0
250,1.233586,-0.2485034,-0.2485034,-9518,4.96011,55 251 8 91 254 253,-2.373663,0.05295172,2.769399,-2.285386,0.3812312,2.702768,-2.736656,0.3812312,2.104889,-2.824934,0.05295175,2.17152,-2.782076,0.3128749,2.608418,0,0,1
251,1.265237,-0.2637085,-0.1748779,-9518,4.945698,56 252 55 255 250 254,-2.373663,0.05295172,2.769399,-2.285386,0.3812312,2.702768,-2.736656,0.3812312,2.104889,-2.824934,0.05295175,2.17152,-2.782076,0.3128749,2.608418,0,0,1
252,1.285581,-0.2754956,-0.0902124,-9518,4.91677,57 130 56 131 251 255,-2.373663,0.05295172,2.769399,-2.285386,0.3812312,2.702768,-2.736656,0.3812312,2.104889,-2.824934,0.05295175,2.17152,-2.782076,0.3128749,2.608418,0,0,1
253,1.265237,-0.1748791,-0.2637085,-9518,4.986758,91 250 254 92 256 257,-2.373663,0.05295172,2.769399,-2.285386,0.3812312,2.702768,-2.736656,0.3812312,2.104889,-2.824934,0.05295175,2.17152,-2.782076,0.3128749,2.608418,0,0,1
254,1.305278,-0.1839429,-0.1839429,-9518,4.974995,251 255 250 253 258 257,-2.373663,0.05295172,2.769399,-2.285386,0.3812312,2.702768,-2.736656,0.3812312,2.104889,-2.824934,0.05295175,2.17152,-2.782076,0.3128749,2.608418,0,0,1
255,1.330264,-0.1919995,-0.09450744,-9518,4.946922,252 131 251 132 254 258,-2.373663,0.05295172,2.769399,-2.285386,0.3812312,2.702768,-2.736656,0.3812312,2.104889,-2.824934,0.05295175,2.17152,-2.782076,0.3128749,2.608418,0,0,1
256,1.285581,-0.0902124,-0.2754956,-9518,5.002526,92 253 93 257 139 140,-2.373663,0.05295172,2.769399,-2.285386,0.3812312,2.702768,-2.736656,0.3812312,2.104889,-2.824934,0.05295175,2.17152,-2.782076,0.3128749,2.608418,0,0,1
257,1.330264,-0.09450744,-0.1919995,-9518,4.991957,253 254 258 256 141 140,-2.373663,0.05295172,2.769399,-2.285386,0.3812312,2.702768,-2.736656,0.3812312,2.104889,-2.824934,0.05295175,2.17152,-2.782076,0.3128749,2.608418,0,0,1
258,1.358569,-0.09875244,-0.09875244,-9518,4.964187,255 132 254 18 257 141,-2.373663,0.05295172,2.769399,-2.285386,0.3812312,2.702768,-2.736656,0.3812312,2.104889,-2.824934,0.05295175,2.17152,-2.782076,0.3128749,2.608418,0,0,1
259,1.233586,-0.2485034,0.2485034,-9518,4.69147,52 82 53 83 262 260,-2.373663,0.05295172,2.769399,-2.285386,0.3812312,2.702768,-2.736656,0.3812312,2.104889,-2.824934,0.05295175,2.17152,-2.782076,0.3128749,2.608418,1,0,0
260,1.265237,-0.1748791,0.2637085,-9518,4.702798,259 83 262 84 261 263,-2.373663,0.05295172,2.769399,-2.285386,0.3812312,2.702768,-2.736656,0.3812312,2.104889,-2.824934,0.05295175,2.17152,-2.782076,0.3128749,2.608418,1,0,0
261,1.285581,-0.0902124,0.2754956,-9518,4.706468,260 84 30 263 133 264,-2.373663,0.05295172,2.769399,-2.285386,0.3812312,2.702768,-2.736656,0.3812312,2.104889,-2.824934,0.05295175,2.17152,-2.782076,0.3128749,2.608418,1,0,0
262,1.265237,-0.2637085,0.1748779,-9518,4.757658,53 259 54 260 265 263,-2.373663,0.05295172,2.769399,-2.285386,0.3812312,2.702768,-2.736656,0.3812312,2.104889,-2.824934,0.05295175,2.17152,-2.782076,0.3128749,2.608418,1,0,0
263,1.305278,-0.1839429,0.1839429,-9518,4.778219,262 260 265 261 264 266,-2.373663,0.05295172,2.769399,-2.285386,0.3812312,2.702768,-2.736656,0.3812312,2.104889,-2.824934,0.05295175,2.17152,-2.782076,0.3128749,2.608418,1,0,0
264,1.330264,-0.09450744,0.1919995,-9518,4.787105,263 261 133 266 134 267,-2.373663,0.05295172,2.769399,-2.285386,0.3812312,2.702768,-2.736656,0.3812312,2.104889,-2.824934,0.05295175,2.17152,-2.782076,0.3128749,2.608418,1,0,0
265,1.285581,-0.2754956,0.0902124,-9518,4.820101,54 262 25 263 130 266,-2.373663,0.05295172,2.769399,-2.285386,0.3812312,2.702768,-2.736656,0.3812312,2.104889,-2.824934,0.05295175,2.17152,-2.782076,0.3128749,2.608418,1,0,0
266,1.330264,-0.1919995,0.09450744,-9518,4.846234,265 263 130 264 131 267,-2.373663,0.05295172,2.769399,-2.285386,0.3812312,2.702768,-2.736656,0.3812312,2.104889,-2.824934,0.05295175,2.17152,-2.782076,0.3128749,2.608418,1,0,0
267,1.358569,-0.09875244,0.09875244,-9518,4.859301,266 264 131 134 132 135,-2.373663,0.05295172,2.769399,-2.285386,0.3812312,2.702768,-2.736656,0.3812312,2.104889,-2.824934,0.05295175,2.17152,-2.782076,0.3128749,2.608418,0,0,1
268,1.234751,0.2485034,0.2492358,-9518,4.65884,271 272 85 13 61 269,-2.373663,0.05295172,2.769399,-2.285386,0.3812312,2.702768,-2.736656,0.3812312,2.104889,-2.824934,0.05295175,2.17152,-2.782076,0.3128749,2.608418,1,0,0
269,1.266509,0.2637475,0.1754565,-9518,4.723638,268 272 61 273 62 270,-2.373663,0.05295172,2.769399,-2.285386,0.3812312,2.702768,-2.736656,0.3812312,2.104889,-2.824934,0.05295175,2.17152,-2.782076,0.3128749,2.608418,1,0,0
270,1.286968,0.2755518,0.09051941,-9518,4.785219,62 269 273 63 137 136,-2.373663,0.05295172,2.769399,-2.285386,0.3812312,2.702768,-2.736656,0.3812312,2.104889,-2.824934,0.05295175,2.17152,-2.782076,0.3128749,2.608418,1,0,0
271,1.266509,0.1746521,0.2646435,-9518,4.680109,86 274 85 275 272 268,-2.373663,0.05295172,2.769399,-2.285386,0.3812312,2.702768,-2.736656,0.3812312,2.104889,-2.824934,0.05295175,2.17152,-2.782076,0.3128749,2.608418,1,0,0
272,1.306504,0.1837427,0.1845666,-9518,4.75481,275 276 271 273 268 269,-2.373663,0.05295172,2.769399,-2.285386,0.3812312,2.702768,-2.736656,0.3812312,2.104889,-2.824934,0.05295175,2.17152,-2.782076,0.3128749,2.608418,1,0,0
273,1.331553,0.191842,0.09482116,-9518,4.822319,276 138 272 269 270 137,-2.373663,0.05295172,2.769399,-2.285386,0.3812312,2.702768,-2.736656,0.3812312,2.104889,-2.824934,0.05295175,2.17152,-2.782076,0.3128749,2.608418,1,0,0
274,1.286968,0.08967713,0.2764746,-9518,4.695199,87 133 86 134 271 275,-2.373663,0.05295172,2.769399,-2.285386,0.3812312,2.702768,-2.736656,0.3812312,2.104889,-2.824934,0.05295175,2.17152,-2.782076,0.3128749,2.608418,1,0,0
275,1.331553,0.09398254,0.1926355,-9518,4.775548,274 134 271 135 276 272,-2.373663,0.05295172,2.769399,-2.285386,0.3812312,2.702768,-2.736656,0.3812312,2.104889,-2.824934,0.05295175,2.17152,-2.782076,0.3128749,2.608418,1,0,0
276,1.359956,0.09823791,0.09908752,-9518,4.847601,275 135 18 138 272 273,-2.373663,0.05295172,2.769399,-2.285386,0.3812312,2.702768,-2.736656,0.3812312,2.104889,-2.824934,0.05295175,2.17152,-2.782076,0.3128749,2.608418,1,0,0
277,1.234751,0.2485034,-0.2492358,-9518,4.930034,59 280 278 89 58 88,-2.373663,0.05295172,2.769399,-2.285386,0.3812312,2.702768,-2.736656,0.3812312,2.104889,-2.824934,0.05295175,2.17152,-2.782076,0.3128749,2.608418,0,0,1
278,1.266509,0.1746521,-0.2646435,-9518,4.96635,281 279 280 90 89 277,-2.373663,0.05295172,2.769399,-2.285386,0.3812312,2.702768,-2.736656,0.3812312,2.104889,-2.824934,0.05295175,2.17152,-2.782076,0.3128749,2.608418,0,0,1
279,1.286968,0.08967713,-0.2764746,-9518,4.992949,139 31 90 282 281 278,-2.373663,0.05295172,2.769399,-2.285386,0.3812312,2.702768,-2.736656,0.3812312,2.104889,-2.824934,0.05295175,2.17152,-2.782076,0.3128749,2.608418,0,0,1
280,1.266509,0.2637475,-0.1754565,-9518,4.913594,60 283 281 59 278 277,-2.373663,0.05295172,2.769399,-2.285386,0.3812312,2.702768,-2.736656,0.3812312,2.104889,-2.824934,0.05295175,2.17152,-2.782076,0.3128749,2.608418,0,0,1
281,1.306504,0.1837427,-0.1845666,-9518,4.953173,284 282 283 279 280 278,-2.373663,0.05295172,2.769399,-2.285386,0.3812312,2.702768,-2.736656,0.3812312,2.104889,-2.824934,0.05295175,2.17152,-2.782076,0.3128749,2.608418,0,0,1
282,1.331553,0.09398254,-0.1926355,-9518,4.981542,140 139 279 285 284 281,-2.373663,0.05295172,2.769399,-2.285386,0.3812312,2.702768,-2.736656,0.3812312,2.104889,-2.824934,0.05295175,2.17152,-2.782076,0.3128749,2.608418,0,0,1
283,1.286968,0.2755518,-0.09051879,-9518,4.882906,26 136 284 60 281 280,-2.373663,0.05295172,2.769399,-2.285386,0.3812312,2.702768,-2.736656,0.3812312,2.104889,-2.824934,0.05295175,2.17152,-2.782076,0.3128749,2.608418,0,0,1
284,1.331553,0.191842,-0.09482116,-9518,4.923829,137 285 136 282 283 281,-2.373663,0.05295172,2.769399,-2.285386,0.3812312,2.702768,-2.736656,0.3812312,2.104889,-2.824934,0.05295175,2.17152,-2.782076,0.3128749,2.608418,0,0,1
285,1.359956,0.09823791,-0.09908752,-9518,4.953089,141 140 138 282 137 284,-2.373663,0.05295172,2.769399,-2.285386,0.3812312,2.702768,-2.736656,0.3812312,2.104889,-2.824934,0.05295175,2.17152,-2.782076,0.3128749,2.608418,0,0,1
286,1.128503,-0.2485034,0.3535864,-9518,4.548851,49 287 9 82 290 289,-2.373663,0.05295172,2.769399,-2.285386,0.3812312,2.702768,-2.736656,0.3812312,2.104889,-2.824934,0.05295175,2.17152,-2.782076,0.3128749,2.608418,1,0,0
287,1.054879,-0.2637085,0.3852368,-9518,4.471824,50 288 49 291 286 290,-2.373663,0.05295172,2.769399,-2.285386,0.3812312,2.702768,-2.736656,0.3812312,2.104889,-2.824934,0.05295175,2.17152,-2.782076,0.3128749,2.608418,1,0,0
288,0.9702118,-0.2754956,0.4055811,-9518,4.39071,51 142 50 143 287 291,-2.373663,0.05295172,2.769399,-2.285386,0.3812312,2.702768,-2.736656,0.3812312,2.104889,-2.824934,0.05295175,2.17152,-2.782076,0.3128749,2.608418,1,0,0
289,1.143708,-0.1748791,0.3852368,-9518,4.537866,82 286 290 83 292 293,-2.373663,0.05295172,2.769399,-2.285386,0.3812312,2.702768,-2.736656,0.3812312,2.104889,-2.824934,0.05295175,2.17152,-2.782076,0.3128749,2.608418,1,0,0
290,1.063943,-0.1839429,0.4252783,-9518,4.450257,287 291 286 289 294 293,-2.373663,0.05295172,2.769399,-2.285386,0.3812312,2.702768,-2.736656,0.3812312,2.104889,-2.824934,0.05295175,2.17152,-2.782076,0.3128749,2.608418,1,0,0
291,0.9745075,-0.1919995,0.4502636,-9518,4.361702,288 143 287 144 290 294,-2.373663,0.05295172,2.769399,-2.285386,0.3812312,2.702768,-2.736656,0.3812312,2.104889,-2.824934,0.05295175,2.17152,-2.782076,0.3128749,2.608418,1,0,0
292,1.155496,-0.0902124,0.4055811,-9518,4.529839,83 289 84 293 151 152,-2.373663,0.05295172,2.769399,-2.285386,0.3812312,2.702768,-2.736656,0.3812312,2.104889,-2.824934,0.05295175,2.17152,-2.782076,0.3128749,2.608418,1,0,0
293,1.072,-0.09450744,0.4502636,-9518,4.435932,289 290 294 292 153 152,-2.373663,0.05295172,2.769399,-2.285386,0.3812312,2.702768,-2.736656,0.3812312,2.104889,-2.824934,0.05295175,2.17152,-2.782076,0.3128749,2.608418,1,0,0
294,0.9787524,-0.09875244,0.4785693,-9518,4.341604,291 144 290 19 293 153,-2.373663,0.05295172,2.769399,-2.285386,0.3812312,2.702768,-2.736656,0.3812312,2.104889,-2.824934,0.05295175,2.17152,-2.782076,0.3128749,2.608418,1,0,0
295,0.6314965,-0.2485034,0.3535864,-9518,4.129393,46 94 47 95 298 296,-2.373663,0.05295172,2.769399,-2.285386,0.3812312,2.702768,-2.736656,0.3812312,2.104889,-2.824934,0.05295175,2.17152,-2.782076,0.3128749,2.608418,1,0,0
296,0.6162915,-0.1748779,0.3852368,-9518,4.090152,295 95 298 96 297 299,-2.373663,0.05295172,2.769399,-2.285386,0.3812312,2.702768,-2.736656,0.3812312,2.104889,-2.824934,0.05295175,2.17152,-2.782076,0.3128749,2.608418,1,0,0
297,0.6045044,-0.0902124,0.4055811,-9518,4.060037,296 96 32 299 145 300,-2.373663,0.05295172,2.769399,-2.285386,0.3812312,2.702768,-2.736656,0.3812312,2.104889,-2.824934,0.05295175,2.17152,-2.782076,0.3128749,2.608418,1,0,0
298,0.7051221,-0.2637085,0.3852368,-9518,4.175588,47 295 48 296 301 299,-2.373663,0.05295172,2.769399,-2.285386,0.3812312,2.702768,-2.736656,0.3812312,2.104889,-2.824934,0.05295175,2.17152,-2.782076,0.3128749,2.608418,1,0,0
299,0.6960571,-0.1839429,0.4252783,-9518,4.136464,298 296 301 297 300 302,-2.373663,0.05295172,2.769399,-2.285386,0.3812312,2.702768,-2.736656,0.3812312,2.104889,-2.824934,0.05295175,2.17152,-2.782076,0.3128749,2.608418,1,0,0
300,0.6880005,-0.09450744,0.4502636,-9518,4.106704,299 297 145 302 146 303,-2.373663,0.05295172,2.769399,-2.285386,0.3812312,2.702768,-2.736656,0.3812312,2.104889,-2.824934,0.05295175,2.17152,-2.782076,0.3128749,2.608418,1,0,0
301,0.7897882,-0.2754956,0.4055811,-9518,4.237556,48 298 24 299 142 302,-2.373663,0.05295172,2.769399,-2.285386,0.3812312,2.702768,-2.736656,0.3812312,2.104889,-2.824934,0.05295175,2.17152,-2.782076,0.3128749,2.608418,1,0,0
302,0.7854925,-0.1919995,0.4502636,-9518,4.200009,301 299 142 300 143 303,-2.373663,0.05295172,2.769399,-2.285386,0.3812312,2.702768,-2.736656,0.3812312,2.104889,-2.824934,0.05295175,2.17152,-2.782076,0.3128749,2.608418,1,0,0
303,0.7812476,-0.09875244,0.4785693,-9518,4.171687,302 300 143 146 144 147,-2.373663,0.05295172,2.769399,-2.285386,0.3812312,2.702768,-2.736656,0.3812312,2.104889,-2.824934,0.05295175,2.17152,-2.782076,0.3128749,2.608418,1,0,0
304,0.6307641,0.2485034,0.354751,-9518,4.09031,307 308 97 15 67 305,-2.373663,0.05295172,2.769399,-2.285386,0.3812312,2.702768,-2.736656,0.3812312,2.104889,-2.824934,0.05295175,2.17152,-2.782076,0.3128749,2.608418,1,0,0
305,0.7045435,0.2637475,0.3865088,-9518,4.134708,304 308 67 309 68 306,-2.373663,0.05295172,2.769399,-2.285386,0.3812312,2.702768,-2.736656,0.3812312,2.104889,-2.824934,0.05295175,2.17152,-2.782076,0.3128749,2.608418,1,0,0
306,0.7894806,0.2755518,0.4069678,-9518,4.195688,68 305 309 69 149 148,-2.373663,0.05295172,2.769399,-2.285386,0.3812312,2.702768,-2.736656,0.3812312,2.104889,-2.824934,0.05295175,2.17152,-2.782076,0.3128749,2.608418,1,0,0
307,0.6153564,0.1746533,0.3865088,-9518,4.061839,98 310 97 311 308 304,-2.373663,0.05295172,2.769399,-2.285386,0.3812312,2.702768,-2.736656,0.3812312,2.104889,-2.824934,0.05295175,2.17152,-2.782076,0.3128749,2.608418,1,0,0
308,0.6954334,0.1837427,0.4265039,-9518,4.107371,311 312 307 309 304 305,-2.373663,0.05295172,2.769399,-2.285386,0.3812312,2.702768,-2.736656,0.3812312,2.104889,-2.824934,0.05295175,2.17152,-2.782076,0.3128749,2.608418,1,0,0
309,0.7851788,0.191842,0.4515527,-9518,4.170375,312 150 308 305 306 149,-2.373663,0.05295172,2.769399,-2.285386,0.3812312,2.702768,-2.736656,0.3812312,2.104889,-2.824934,0.05295175,2.17152,-2.782076,0.3128749,2.608418,1,0,0
310,0.6035254,0.08967713,0.4069678,-9518,4.044564,99 145 98 146 307 311,-2.373663,0.05295172,2.769399,-2.285386,0.3812312,2.702768,-2.736656,0.3812312,2.104889,-2.824934,0.05295175,2.17152,-2.782076,0.3128749,2.608418,1,0,0
311,0.6873645,0.09398254,0.4515527,-9518,4.091088,310 146 307 147 312 308,-2.373663,0.05295172,2.769399,-2.285386,0.3812312,2.702768,-2.736656,0.3812312,2.104889,-2.824934,0.05295175,2.17152,-2.782076,0.3128749,2.608418,1,0,0
312,0.7809125,0.09823791,0.479956,-9518,4.155876,311 147 19 150 308 309,-2.373663,0.05295172,2.769399,-2.285386,0.3812312,2.702768,-2.736656,0.3812312,2.104889,-2.824934,0.05295175,2.17152,-2.782076,0.3128749,2.608418,1,0,0
313,1.129236,0.2485034,0.354751,-9518,4.51459,65 316 314 86 64 85,-2.373663,0.05295172,2.769399,-2.285386,0.3812312,2.702768,-2.736656,0.3812312,2.104889,-2.824934,0.05295175,2.17152,-2.782076,0.3128749,2.608418,1,0,0
314,1.144644,0.1746533,0.3865088,-9518,4.51388,317 315 316 87 86 313,-2.373663,0.05295172,2.769399,-2.285386,0.3812312,2.702768,-2.736656,0.3812312,2.104889,-2.824934,0.05295175,2.17152,-2.782076,0.3128749,2.608418,1,0,0
315,1.156475,0.08967713,0.4069678,-9518,4.517564,151 30 87 318 317 314,-2.373663,0.05295172,2.769399,-2.285386,0.3812312,2.702768,-2.736656,0.3812312,2.104889,-2.824934,0.05295175,2.17152,-2.782076,0.3128749,2.608418,1,0,0
316,1.055457,0.2637475,0.3865088,-9518,4.434631,66 319 317 65 314 313,-2.373663,0.05295172,2.769399,-2.285386,0.3812312,2.702768,-2.736656,0.3812312,2.104889,-2.824934,0.05295175,2.17152,-2.782076,0.3128749,2.608418,1,0,0
317,1.064567,0.1837427,0.4265039,-9518,4.424261,320 318 319 315 316 314,-2.373663,0.05295172,2.769399,-2.285386,0.3812312,2.702768,-2.736656,0.3812312,2.104889,-2.824934,0.05295175,2.17152,-2.782076,0.3128749,2.608418,1,0,0
318,1.072636,0.09398254,0.4515527,-9518,4.422532,152 151 315 321 320 317,-2.373663,0.05295172,2.769399,-2.285386,0.3812312,2.702768,-2.736656,0.3812312,2.104889,-2.824934,0.05295175,2.17152,-2.782076,0.3128749,2.608418,1,0,0
319,0.9705194,0.2755518,0.4069678,-9518,4.350833,27 148 320 66 317 316,-2.373663,0.05295172,2.769399,-2.285386,0.3812312,2.702768,-2.736656,0.3812312,2.104889,-2.824934,0.05295175,2.17152,-2.782076,0.3128749,2.608418,1,0,0
320,0.9748212,0.191842,0.4515527,-9518,4.333704,149 321 148 318 319 317,-2.373663,0.05295172,2.769399,-2.285386,0.3812312,2.702768,-2.736656,0.3812312,2.104889,-2.824934,0.05295175,2.17152,-2.782076,0.3128749,2.608418,1,0,0
321,0.9790875,0.09823791,0.479956,-9518,4.326982,153 152 150 318 149 320,-2.373663,0.05295172,2.769399,-2.285386,0.3812312,2.702768,-2.736656,0.3812312,2.104889,-2.824934,0.05295175,2.17152,-2.782076,0.3128749,2.608418,1,0,0
322,0.5264136,-0.2485034,0.2485034,-9518,4.102492,43 323 11 94 326 325,-2.373663,0.05295172,2.769399,-2.285386,0.3812312,2.702768,-2.736656,0.3812312,2.104889,-2.824934,0.05295175,2.17152,-2.782076,0.3128749,2.608418,1,0,0
323,0.4947632,-0.2637085,0.1748791,-9518,4.122164,44 324 43 327 322 326,-2.373663,0.05295172,2.769399,-2.285386,0.3812312,2.702768,-2.736656,0.3812312,2.104889,-2.824934,0.05295175,2.17152,-2.782076,0.3128749,2.608418,1,0,0
324,0.4744189,-0.2754956,0.0902124,-9518,4.158401,45 154 44 155 323 327,-2.373663,0.05295172,2.769399,-2.285386,0.3812312,2.702768,-2.736656,0.3812312,2.104889,-2.824934,0.05295175,2.17152,-2.782076,0.3128749,2.608418,1,0,0
325,0.4947632,-0.1748779,0.2637085,-9518,4.058724,94 322 326 95 329 328,-2.373663,0.05295172,2.769399,-2.285386,0.3812312,2.702768,-2.736656,0.3812312,2.104889,-2.824934,0.05295175,2.17152,-2.782076,0.3128749,2.608418,1,0,0
326,0.4547217,-0.1839429,0.1839429,-9518,4.074527,323 327 322 330 325 329,-2.373663,0.05295172,2.769399,-2.285386,0.3812312,2.702768,-2.736656,0.3812312,2.104889,-2.824934,0.05295175,2.17152,-2.782076,0.3128749,2.608418,1,0,0
327,0.4297363,-0.1919995,0.09450744,-9518,4.109791,324 155 323 156 326 330,-2.373663,0.05295172,2.769399,-2.285386,0.3812312,2.702768,-2.736656,0.3812312,2.104889,-2.824934,0.05295175,2.17152,-2.782076,0.3128749,2.608418,1,0,0
328,0.4744189,-0.0902124,0.2754956,-9518,4.026135,95 325 329 96 164 163,-2.373663,0.05295172,2.769399,-2.285386,0.3812312,2.702768,-2.736656,0.3812312,2.104889,-2.824934,0.05295175,2.17152,-2.782076,0.3128749,2.608418,1,0,0
329,0.4297363,-0.09450744,0.1919995,-9518,4.039898,326 330 325 165 328 164,-2.373663,0.05295172,2.769399,-2.285386,0.3812312,2.702768,-2.736656,0.3812312,2.104889,-2.824934,0.05295175,2.17152,-2.782076,0.3128749,2.608418,1,0,0
330,0.4014307,-0.09875244,0.09875244,-9518,4.074625,327 156 326 20 329 165,-2.373663,0.05295172,2.769399,-2.285386,0.3812312,2.702768,-2.736656,0.3812312,2.104889,-2.824934,0.05295175,2.17152,-2.782076,0.3128749,2.608418,1,0,0
331,0.5264136,-0.2485034,-0.2485034,-9518,4.407181,40 100 41 101 334 332,-2.373663,0.05295172,2.769399,-2.285386,0.3812312,2.702768,-2.736656,0.3812312,2.104889,-2.824934,0.05295175,2.17152,-2.782076,0.3128749,2.608418,1,0,0
332,0.4947632,-0.1748779,-0.2637085,-9518,4.384597,331 101 334 102 333 335,-2.373663,0.05295172,2.769399,-2.285386,0.3812312,2.702768,-2.736656,0.3812312,2.104889,-2.824934,0.05295175,2.17152,-2.782076,0.3128749,2.608418,1,0,0
333,0.4744189,-0.0902124,-0.2754956,-9518,4.368546,332 102 33 335 157 336,-2.373663,0.05295172,2.769399,-2.285386,0.3812312,2.702768,-2.736656,0.3812312,2.104889,-2.824934,0.05295175,2.17152,-2.782076,0.3128749,2.608418,1,0,0
334,0.4947632,-0.2637085,-0.1748779,-9518,4.337841,41 331 42 332 337 335,-2.373663,0.05295172,2.769399,-2.285386,0.3812312,2.702768,-2.736656,0.3812312,2.104889,-2.824934,0.05295175,2.17152,-2.782076,0.3128749,2.608418,1,0,0
335,0.4547217,-0.1839429,-0.1839429,-9518,4.303599,334 332 337 333 338 336,-2.373663,0.05295172,2.769399,-2.285386,0.3812312,2.702768,-2.736656,0.3812312,2.104889,-2.824934,0.05295175,2.17152,-2.782076,0.3128749,2.608418,1,0,0
336,0.4297363,-0.09450744,-0.1919995,-9518,4.280658,335 333 338 157 339 158,-2.373663,0.05295172,2.769399,-2.285386,0.3812312,2.702768,-2.736656,0.3812312,2.104889,-2.824934,0.05295175,2.17152,-2.782076,0.3128749,2.608418,1,0,0
337,0.4744189,-0.2754956,-0.0902124,-9518,4.270075,42 334 23 154 335 338,-2.373663,0.05295172,2.769399,-2.285386,0.3812312,2.702768,-2.736656,0.3812312,2.104889,-2.824934,0.05295175,2.17152,-2.782076,0.3128749,2.608418,1,0,0
338,0.4297363,-0.1919995,-0.09450744,-9518,4.228054,154 337 335 155 336 339,-2.373663,0.05295172,2.769399,-2.285386,0.3812312,2.702768,-2.736656,0.3812312,2.104889,-2.824934,0.05295175,2.17152,-2.782076,0.3128749,2.608418,1,0,0
339,0.4014307,-0.09875244,-0.09875244,-9518,4.199157,155 338 336 156 158 159,-2.373663,0.05295172,2.769399,-2.285386,0.3812312,2.702768,-2.736656,0.3812312,2.104889,-2.824934,0.05295175,2.17152,-2.782076,0.3128749,2.608418,1,0,0
340,0.525249,0.2485034,-0.2492358,-9518,4.371353,103 343 14 73 344 341,-2.373663,0.05295172,2.769399,-2.285386,0.3812312,2.702768,-2.736656,0.3812312,2.104889,-2.824934,0.05295175,2.17152,-2.782076,0.3128749,2.608418,1,0,0
341,0.4934912,0.2637475,-0.1754565,-9518,4.299036,73 340 344 345 74 342,-2.373663,0.05295172,2.769399,-2.285386,0.3812312,2.702768,-2.736656,0.3812312,2.104889,-2.824934,0.05295175,2.17152,-2.782076,0.3128749,2.608418,1,0,0
342,0.4730322,0.2755518,-0.09051941,-9518,4.228639,345 161 341 74 160 75,-2.373663,0.05295172,2.769399,-2.285386,0.3812312,2.702768,-2.736656,0.3812312,2.104889,-2.824934,0.05295175,2.17152,-2.782076,0.3128749,2.608418,1,0,0
343,0.4934912,0.1746533,-0.2646435,-9518,4.359235,104 346 103 347 340 344,-2.373663,0.05295172,2.769399,-2.285386,0.3812312,2.702768,-2.736656,0.3812312,2.104889,-2.824934,0.05295175,2.17152,-2.782076,0.3128749,2.608418,1,0,0
344,0.4534961,0.1837427,-0.1845666,-9518,4.276256,343 347 348 340 345 341,-2.373663,0.05295172,2.769399,-2.285386,0.3812312,2.702768,-2.736656,0.3812312,2.104889,-2.824934,0.05295175,2.17152,-2.782076,0.3128749,2.608418,1,0,0
345,0.4284473,0.191842,-0.09482116,-9518,4.198763,348 162 344 161 341 342,-2.373663,0.05295172,2.769399,-2.285386,0.3812312,2.702768,-2.736656,0.3812312,2.104889,-2.824934,0.05295175,2.17152,-2.782076,0.3128749,2.608418,1,0,0
346,0.4730322,0.08967713,-0.2764746,-9518,4.355244,105 157 104 158 343 347,-2.373663,0.05295172,2.769399,-2.285386,0.3812312,2.702768,-2.736656,0.3812312,2.104889,-2.824934,0.05295175,2.17152,-2.782076,0.3128749,2.608418,1,0,0
347,0.4284473,0.09398254,-0.1926355,-9518,4.266295,346 158 159 343 348 344,-2.373663,0.05295172,2.769399,-2.285386,0.3812312,2.702768,-2.736656,0.3812312,2.104889,-2.824934,0.05295175,2.17152,-2.782076,0.3128749,2.608418,1,0,0
348,0.400044,0.09823791,-0.09908752,-9518,4.183604,159 20 347 162 344 345,-2.373663,0.05295172,2.769399,-2.285386,0.3812312,2.702768,-2.736656,0.3812312,2.104889,-2.824934,0.05295175,2.17152,-2.782076,0.3128749,2.608418,1,0,0
349,0.525249,0.2485034,0.2492358,-9518,4.063039,350 98 352 71 97 70,-2.373663,0.05295172,2.769399,-2.285386,0.3812312,2.702768,-2.736656,0.3812312,2.104889,-2.824934,0.05295175,2.17152,-2.782076,0.3128749,2.608418,1,0,0
350,0.4934912,0.1746533,0.2646435,-9518,4.030102,351 99 353 98 352 349,-2.373663,0.05295172,2.769399,-2.285386,0.3812312,2.702768,-2.736656,0.3812312,2.104889,-2.824934,0.05295175,2.17152,-2.782076,0.3128749,2.608418,1,0,0
351,0.4730322,0.08967713,0.2764746,-9518,4.010425,163 32 354 99 353 350,-2.373663,0.05295172,2.769399,-2.285386,0.3812312,2.702768,-2.736656,0.3812312,2.104889,-2.824934,0.05295175,2.17152,-2.782076,0.3128749,2.608418,1,0,0
352,0.4934912,0.2637475,0.1754565,-9518,4.080571,72 355 353 350 71 349,-2.373663,0.05295172,2.769399,-2.285386,0.3812312,2.702768,-2.736656,0.3812312,2.104889,-2.824934,0.05295175,2.17152,-2.782076,0.3128749,2.608418,1,0,0
353,0.4534961,0.1837427,0.1845666,-9518,4.044831,356 354 351 355 350 352,-2.373663,0.05295172,2.769399,-2.285386,0.3812312,2.702768,-2.736656,0.3812312,2.104889,-2.824934,0.05295175,2.17152,-2.782076,0.3128749,2.608418,1,0,0
354,0.4284473,0.09398254,0.1926355,-9518,4.023851,357 164 163 356 351 353,-2.373663,0.05295172,2.769399,-2.285386,0.3812312,2.702768,-2.736656,0.3812312,2.104889,-2.824934,0.05295175,2.17152,-2.782076,0.3128749,2.608418,1,0,0
355,0.4730322,0.2755518,0.09051941,-9518,4.115451,160 356 28 72 353 352,-2.373663,0.05295172,2.769399,-2.285386,0.3812312,2.702768,-2.736656,0.3812312,2.104889,-2.824934,0.05295175,2.17152,-2.782076,0.3128749,2.608418,1,0,0
356,0.4284473,0.191842,0.09482116,-9518,4.079249,161 357 160 354 355 353,-2.373663,0.05295172,2.769399,-2.285386,0.3812312,2.702768,-2.736656,0.3812312,2.104889,-2.824934,0.05295175,2.17152,-2.782076,0.3128749,2.608418,1,0,0
357,0.400044,0.09823791,0.09908752,-9518,4.058164,162 165 161 164 356 354,-2.373663,0.05295172,2.769399,-2.285386,0.3812312,2.702768,-2.736656,0.3812312,2.104889,-2.824934,0.05295175,2.17152,-2.782076,0.3128749,2.608418,1,0,0
358,0.6314965,-0.2485034,-0.3535864,-9518,4.554239,37 359 10 100 362 361,-2.373663,0.05295172,2.769399,-2.285386,0.3812312,2.702768,-2.736656,0.3812312,2.104889,-2.824934,0.05295175,2.17152,-2.782076,0.3128749,2.608418,1,0,0
359,0.7051209,-0.2637085,-0.3852368,-9518,4.63195,38 360 37 363 358 362,-2.373663,0.05295172,2.769399,-2.285386,0.3812312,2.702768,-2.736656,0.3812312,2.104889,-2.824934,0.05295175,2.17152,-2.782076,0.3128749,2.608418,1,0,0
360,0.7897876,-0.2754956,-0.4055811,-9518,4.710475,39 166 38 167 359 363,-2.373663,0.05295172,2.769399,-2.285386,0.3812312,2.702768,-2.736656,0.3812312,2.104889,-2.824934,0.05295175,2.17152,-2.782076,0.3128749,2.608418,1,0,0
361,0.6162915,-0.1748779,-0.3852368,-9518,4.555082,100 358 362 101 364 365,-2.373663,0.05295172,2.769399,-2.285386,0.3812312,2.702768,-2.736656,0.3812312,2.104889,-2.824934,0.05295175,2.17152,-2.782076,0.3128749,2.608418,1,0,0
362,0.6960571,-0.1839429,-0.4252783,-9518,4.641934,359 363 358 361 366 365,-2.373663,0.05295172,2.769399,-2.285386,0.3812312,2.702768,-2.736656,0.3812312,2.104889,-2.824934,0.05295175,2.17152,-2.782076,0.3128749,2.608418,1,0,0
363,0.7854925,-0.1919995,-0.4502636,-9518,4.726307,360 167 359 168 362 366,-2.373663,0.05295172,2.769399,-2.285386,0.3812312,2.702768,-2.736656,0.3812312,2.104889,-2.824934,0.05295175,2.17152,-2.782076,0.3128749,2.608418,1,0,0
364,0.6045044,-0.0902124,-0.4055811,-9518,4.551439,101 361 102 365 175 176,-2.373663,0.05295172,2.769399,-2.285386,0.3812312,2.702768,-2.736656,0.3812312,2.104889,-2.824934,0.05295175,2.17152,-2.782076,0.3128749,2.608418,1,0,0
365,0.6880005,-0.09450744,-0.4502636,-9518,4.643589,361 362 366 364 177 176,-2.373663,0.05295172,2.769399,-2.285386,0.3812312,2.702768,-2.736656,0.3812312,2.104889,-2.824934,0.05295175,2.17152,-2.782076,0.3128749,2.608418,1,0,0
366,0.7812476,-0.09875244,-0.4785693,-9518,4.732462,363 168 362 21 365 177,-2.373663,0.05295172,2.769399,-2.285386,0.3812312,2.702768,-2.736656,0.3812312,2.104889,-2.824934,0.05295175,2.17152,-2.782076,0.3128749,2.608418,1,0,0
367,1.128503,-0.2485034,-0.3535864,-9518,4.937737,34 91 35 92 370 368,-2.373663,0.05295172,2.769399,-2.285386,0.3812312,2.702768,-2.736656,0.3812312,2.104889,-2.824934,0.05295175,2.17152,-2.782076,0.3128749,2.608418,0,0,1
368,1.143708,-0.1748791,-0.3852368,-9518,4.961014,367 92 370 93 369 371,-2.373663,0.05295172,2.769399,-2.285386,0.3812312,2.702768,-2.736656,0.3812312,2.104889,-2.824934,0.05295175,2.17152,-2.782076,0.3128749,2.608418,0,0,1
369,1.155496,-0.0902124,-0.4055811,-9518,4.975052,368 93 31 371 169 372,-2.373663,0.05295172,2.769399,-2.285386,0.3812312,2.702768,-2.736656,0.3812312,2.104889,-2.824934,0.05295175,2.17152,-2.782076,0.3128749,2.608418,0,0,1
370,1.054878,-0.2637085,-0.3852368,-9518,4.900677,35 367 36 368 373 371,-2.373663,0.05295172,2.769399,-2.285386,0.3812312,2.702768,-2.736656,0.3812312,2.104889,-2.824934,0.05295175,2.17152,-2.782076,0.3128749,2.608418,0,0,1
371,1.063943,-0.1839429,-0.4252783,-9518,4.923617,370 368 373 369 372 374,-2.373663,0.05295172,2.769399,-2.285386,0.3812312,2.702768,-2.736656,0.3812312,2.104889,-2.824934,0.05295175,2.17152,-2.782076,0.3128749,2.608418,0,0,1
372,1.072,-0.09450744,-0.4502636,-9518,4.937144,371 369 169 374 170 375,-2.373663,0.05295172,2.769399,-2.285386,0.3812312,2.702768,-2.736656,0.3812312,2.104889,-2.824934,0.05295175,2.17152,-2.782076,0.3128749,2.608418,0,0,1
373,0.9702124,-0.2754956,-0.4055811,-9518,4.848715,36 370 22 371 166 374,-2.373663,0.05295172,2.769399,-2.285386,0.3812312,2.702768,-2.736656,0.3812312,2.104889,-2.824934,0.05295175,2.17152,-2.782076,0.3128749,2.608418,1,0,0
374,0.9745075,-0.1919995,-0.4502636,-9518,4.87056,373 371 166 372 167 375,-2.373663,0.05295172,2.769399,-2.285386,0.3812312,2.702768,-2.736656,0.3812312,2.104889,-2.824934,0.05295175,2.17152,-2.782076,0.3128749,2.608418,0,0,1
375,0.9787524,-0.09875244,-0.4785693,-9518,4.882905,374 372 167 170 168 171,-2.373663,0.05295172,2.769399,-2.285386,0.3812312,2.702768,-2.736656,0.3812312,2.104889,-2.824934,0.05295175,2.17152,-2.782076,0.3128749,2.608418,0,0,1
376,1.129236,0.2485034,-0.354751,-9518,4.90743,379 380 88 12 79 377,-2.373663,0.05295172,2.769399,-2.285386,0.3812312,2.702768,-2.736656,0.3812312,2.104889,-2.824934,0.05295175,2.17152,-2.782076,0.3128749,2.608418,0,0,1
377,1.055457,0.2637475,-0.3865088,-9518,4.868126,376 380 79 381 80 378,-2.373663,0.05295172,2.769399,-2.285386,0.3812312,2.702768,-2.736656,0.3812312,2.104889,-2.824934,0.05295175,2.17152,-2.782076,0.3128749,2.608418,0,0,1
378,0.9705188,0.2755518,-0.4069678,-9518,4.814137,80 377 381 81 173 172,-2.373663,0.05295172,2.769399,-2.285386,0.3812312,2.702768,-2.736656,0.3812312,2.104889,-2.824934,0.05295175,2.17152,-2.782076,0.3128749,2.608418,1,0,0
379,1.144644,0.1746533,-0.3865088,-9518,4.940427,89 382 88 383 380 376,-2.373663,0.05295172,2.769399,-2.285386,0.3812312,2.702768,-2.736656,0.3812312,2.104889,-2.824934,0.05295175,2.17152,-2.782076,0.3128749,2.608418,0,0,1
380,1.064567,0.1837427,-0.4265039,-9518,4.901437,383 384 379 381 376 377,-2.373663,0.05295172,2.769399,-2.285386,0.3812312,2.702768,-2.736656,0.3812312,2.104889,-2.824934,0.05295175,2.17152,-2.782076,0.3128749,2.608418,0,0,1
381,0.9748212,0.191842,-0.4515527,-9518,4.84689,384 174 380 377 378 173,-2.373663,0.05295172,2.769399,-2.285386,0.3812312,2.702768,-2.736656,0.3812312,2.104889,-2.824934,0.05295175,2.17152,-2.782076,0.3128749,2.608418,1,0,0
382,1.156475,0.08967713,-0.4069678,-9518,4.965335,90 169 89 170 379 383,-2.373663,0.05295172,2.769399,-2.285386,0.3812312,2.702768,-2.736656,0.3812312,2.104889,-2.824934,0.05295175,2.17152,-2.782076,0.3128749,2.608418,0,0,1
383,1.072636,0.09398254,-0.4515527,-9518,4.926473,382 170 379 171 384 380,-2.373663,0.05295172,2.769399,-2.285386,0.3812312,2.702768,-2.736656,0.3812312,2.104889,-2.824934,0.05295175,2.17152,-2.782076,0.3128749,2.608418,0,0,1
384,0.9790875,0.09823791,-0.479956,-9518,4.871394,383 171 21 174 380 381,-2.373663,0.05295172,2.769399,-2.285386,0.3812312,2.702768,-2.736656,0.3812312,2.104889,-2.824934,0.05295175,2.17152,-2.782076,0.3128749,2.608418,0,0,1
385,0.6307641,0.2485034,-0.354751,-9518,4.520176,77 388 386 104 76 103,-2.373663,0.05295172,2.769399,-2.285386,0.3812312,2.702768,-2.736656,0.3812312,2.104889,-2.824934,0.05295175,2.17152,-2.782076,0.3128749,2.608418,1,0,0
386,0.6153564,0.1746533,-0.3865088,-9518,4.531141,389 387 388 105 104 385,-2.373663,0.05295172,2.769399,-2.285386,0.3812312,2.702768,-2.736656,0.3812312,2.104889,-2.824934,0.05295175,2.17152,-2.782076,0.3128749,2.608418,1,0,0
387,0.6035254,0.08967713,-0.4069678,-9518,4.539236,175 33 105 390 389 386,-2.373663,0.05295172,2.769399,-2.285386,0.3812312,2.702768,-2.736656,0.3812312,2.104889,-2.824934,0.05295175,2.17152,-2.782076,0.3128749,2.608418,1,0,0
388,0.7045435,0.2637475,-0.3865088,-9518,4.596577,78 391 389 77 386 385,-2.373663,0.05295172,2.769399,-2.285386,0.3812312,2.702768,-2.736656,0.3812312,2.104889,-2.824934,0.05295175,2.17152,-2.782076,0.3128749,2.608418,1,0,0
389,0.6954334,0.1837427,-0.4265039,-9518,4.617413,392 390 391 387 388 386,-2.373663,0.05295172,2.769399,-2.285386,0.3812312,2.702768,-2.736656,0.3812312,2.104889,-2.824934,0.05295175,2.17152,-2.782076,0.3128749,2.608418,1,0,0
390,0.6873645,0.09398254,-0.4515527,-9518,4.631237,176 175 387 393 392 389,-2.373663,0.05295172,2.769399,-2.285386,0.3812312,2.702768,-2.736656,0.3812312,2.104889,-2.824934,0.05295175,2.17152,-2.782076,0.3128749,2.608418,1,0,0
391,0.7894812,0.2755518,-0.4069678,-9518,4.674395,29 172 392 78 389 388,-2.373663,0.05295172,2.769399,-2.285386,0.3812312,2.702768,-2.736656,0.3812312,2.104889,-2.824934,0.05295175,2.17152,-2.782076,0.3128749,2.608418,1,0,0
392,0.7851788,0.191842,-0.4515527,-9518,4.701423,173 393 172 390 391 389,-2.373663,0.05295172,2.769399,-2.285386,0.3812312,2.702768,-2.736656,0.3812312,2.104889,-2.824934,0.05295175,2.17152,-2.782076,0.3128749,2.608418,1,0,0
393,0.7809125,0.09823791,-0.479956,-9518,4.720065,177 176 174 390 173 392,-2.373663,0.05295172,2.769399,-2.285386,0.3812312,2.702768,-2.736656,0.3812312,2.104889,-2.824934,0.05295175,2.17152,-2.782076,0.3128749,2.608418,1,0,0
394,-1.585529,-1.53,-0.1545086,-7888,3.53011,414 415 395 413 434,-2.373663,0.05295172,2.769399,-2.285386,0.3812312,2.702768,-2.736656,0.3812312,2.104889,-2.824934,0.05295175,2.17152,-2.782076,0.3128749,2.608418,1,0,0
395,-1.514509,-1.53,-0.2938928,-7888,3.664194,394 415 416 396 434,-2.373663,0.05295172,2.769399,-2.285386,0.3812312,2.702768,-2.736656,0.3812312,2.104889,-2.824934,0.05295175,2.17152,-2.782076,0.3128749,2.608418,1,0,0
396,-1.403893,-1.53,-0.4045087,-7888,3.791214,395 416 417 397 434,-2.373663,0.05295172,2.769399,-2.285386,0.3812312,2.702768,-2.736656,0.3812312,2.104889,-2.824934,0.05295175,2.17152,-2.782076,0.3128749,2.608418,1,0,0
397,-1.264509,-1.53,-0.4755285,-7888,3.89999,396 417 418 398 434,-2.373663,0.05295172,2.769399,-2.285386,0.3812312,2.702768,-2.736656,0.3812312,2.104889,-2.824934,0.05295175,2.17152,-2.782076,0.3128749,2.608418,1,0,0
398,-1.11,-1.53,-0.5000002,-7888,3.981744,397 418 419 399 434,-2.373663,0.05295172,2.769399,-2.285386,0.3812312,2.702768,-2.736656,0.3812312,2.104889,-2.824934,0.05295175,2.17152,-2.782076,0.3128749,2.608418,0,0,1
399,-0.9554914,-1.53,-0.4755285,-7888,4.030301,398 419 420 400 434,-2.373663,0.05295172,2.769399,-2.285386,0.3812312,2.702768,-2.736656,0.3812312,2.104889,-2.824934,0.05295175,2.17152,-2.782076,0.3128749,2.608418,0,0,1
400,-0.8161073,-1.53,-0.4045087,-7888,4.042146,399 420 421 401 434,-2.373663,0.05295172,2.769399,-2.285386,0.3812312,2.702768,-2.736656,0.3812312,2.104889,-2.824934,0.05295175,2.17152,-2.782076,0.3128749,2.608418,0,0,1
401,-0.7054914,-1.53,-0.2938927,-7888,4.016441,400 421 422 402 434,-2.373663,0.05295172,2.769399,-2.285386,0.3812312,2.702768,-2.736656,0.3812312,2.104889,-2.824934,0.05295175,2.17152,-2.782076,0.3128749,2.608418,0,0,1
402,-0.6344717,-1.53,-0.1545085,-7888,3.955016,401 422 423 403 434,-2.373663,0.05295172,2.769399,-2.285386,0.3812312,2.702768,-2.736656,0.3812312,2.104889,-2.824934,0.05295175,2.17152,-2.782076,0.3128749,2.608418,1,0,0
403,-0.6099999,-1.53,0,-7888,3.862376,402 423 424 404 434,-2.373663,0.05295172,2.769399,-2.285386,0.3812312,2.702768,-2.736656,0.3812312,2.104889,-2.824934,0.05295175,2.17152,-2.782076,0.3128749,2.608418,1,0,0
404,-0.6344717,-1.53,0.1545085,-7888,3.745672,403 424 425 405 434,-2.373663,0.05295172,2.769399,-2.285386,0.3812312,2.702768,-2.736656,0.3812312,2.104889,-2.824934,0.05295175,2.17152,-2.782076,0.3128749,2.608418,1,0,0
405,-0.7054914,-1.53,0.2938927,-7888,3.614612,404 425 426 406 434,-2.373663,0.05295172,2.769399,-2.285386,0.3812312,2.702768,-2.736656,0.3812312,2.104889,-2.824934,0.05295175,2.17152,-2.782076,0.3128749,2.608418,1,0,0
406,-0.8161073,-1.53,0.4045086,-7888,3.481154,405 426 427 407 434,-2.373663,0.05295172,2.769399,-2.285386,0.3812312,2.702768,-2.736656,0.3812312,2.104889,-2.824934,0.05295175,2.17152,-2.782076,0.3128749,2.608418,1,0,0
407,-0.9554915,-1.53,0.4755283,-7888,3.358841,406 427 428 408 434,-2.373663,0.05295172,2.769399,-2.285386,0.3812312,2.702768,-2.736656,0.3812312,2.104889,-2.824934,0.05295175,2.17152,-2.782076,0.3128749,2.608418,1,0,0
408,-1.11,-1.53,0.5000001,-7888,3.261511,407 428 429 409 434,-2.373663,0.05295172,2.769399,-2.285386,0.3812312,2.702768,-2.736656,0.3812312,2.104889,-2.824934,0.05295175,2.17152,-2.782076,0.3128749,2.608418,1,0,0
409,-1.264508,-1.53,0.4755283,-7888,3.201315,408 429 430 410 434,-2.373663,0.05295172,2.769399,-2.285386,0.3812312,2.702768,-2.736656,0.3812312,2.104889,-2.824934,0.05295175,2.17152,-2.782076,0.3128749,2.608418,1,0,0
410,-1.403893,-1.53,0.4045085,-7888,3.186345,409 430 431 411 434,-2.373663,0.05295172,2.769399,-2.285386,0.3812312,2.702768,-2.736656,0.3812312,2.104889,-2.824934,0.05295175,2.17152,-2.782076,0.3128749,2.608418,1,0,0
411,-1.514508,-1.53,0.2938927,-7888,3.218686,410 431 432 412 434,-2.373663,0.05295172,2.769399,-2.285386,0.3812312,2.702768,-2.736656,0.3812312,2.104889,-2.824934,0.05295175,2.17152,-2.782076,0.3128749,2.608418,1,0,0
412,-1.585528,-1.53,0.1545085,-7888,3.293871,411 432 433 413 434,-2.373663,0.05295172,2.769399,-2.285386,0.3812312,2.702768,-2.736656,0.3812312,2.104889,-2.824934,0.05295175,2.17152,-2.782076,0.3128749,2.608418,1,0,0
413,-1.61,-1.53,0,-7888,3.402028,412 433 414 394 434,-2.373663,0.05295172,2.769399,-2.285386,0.3812312,2.702768,-2.736656,0.3812312,2.104889,-2.824934,0.05295175,2.17152,-2.782076,0.3128749,2.608418,1,0,0
414,-1.585529,0.47,-0.1545086,-7888,3.014992,394 415 413 433 435,-2.373663,0.05295172,2.769399,-2.285386,0.3812312,2.702768,-2.736656,0.3812312,2.104889,-2.824934,0.05295175,2.17152,-2.782076,0.3128749,2.608418,1,0,0
415,-1.514509,0.47,-0.2938928,-7888,3.170934,394 414 395 416 435,-2.373663,0.05295172,2.769399,-2.285386,0.3812312,2.702768,-2.736656,0.3812312,2.104889,-2.824934,0.05295175,2.17152,-2.782076,0.3128749,2.608418,1,0,0
416,-1.403893,0.47,-0.4045087,-7888,3.316897,395 415 396 417 435,-2.373663,0.05295172,2.769399,-2.285386,0.3812312,2.702768,-2.736656,0.3812312,2.104889,-2.824934,0.05295175,2.17152,-2.782076,0.3128749,2.608418,1,0,0
417,-1.264509,0.47,-0.4755285,-7888,3.440701,396 416 397 418 435,-2.373663,0.05295172,2.769399,-2.285386,0.3812312,2.702768,-2.736656,0.3812312,2.104889,-2.824934,0.05295175,2.17152,-2.782076,0.3128749,2.608418,1,0,0
418,-1.11,0.47,-0.5000002,-7888,3.533099,397 417 398 419 435,-2.373663,0.05295172,2.769399,-2.285386,0.3812312,2.702768,-2.736656,0.3812312,2.104889,-2.824934,0.05295175,2.17152,-2.782076,0.3128749,2.608418,1,0,0
419,-0.9554914,0.47,-0.4755285,-7888,3.587732,398 418 399 420 435,-2.373663,0.05295172,2.769399,-2.285386,0.3812312,2.702768,-2.736656,0.3812312,2.104889,-2.824934,0.05295175,2.17152,-2.782076,0.3128749,2.608418,1,0,0
420,-0.8161073,0.47,-0.4045087,-7888,3.601034,399 419 400 421 435,-2.373663,0.05295172,2.769399,-2.285386,0.3812312,2.702768,-2.736656,0.3812312,2.104889,-2.824934,0.05295175,2.17152,-2.782076,0.3128749,2.608418,1,0,0
421,-0.7054914,0.47,-0.2938927,-7888,3.572156,400 420 401 422 435,-2.373663,0.05295172,2.769399,-2.285386,0.3812312,2.702768,-2.736656,0.3812312,2.104889,-2.824934,0.05295175,2.17152,-2.782076,0.3128749,2.608418,1,0,0
422,-0.6344717,0.47,-0.1545085,-7888,3.502949,401 421 402 423 435,-2.373663,0.05295172,2.769399,-2.285386,0.3812312,2.702768,-2.736656,0.3812312,2.104889,-2.824934,0.05295175,2.17152,-2.782076,0.3128749,2.608418,1,0,0
423,-0.6099999,0.47,0,-7888,3.398006,402 422 403 424 435,-2.373663,0.05295172,2.769399,-2.285386,0.3812312,2.702768,-2.736656,0.3812312,2.104889,-2.824934,0.05295175,2.17152,-2.782076,0.3128749,2.608418,1,0,0
424,-0.6344717,0.47,0.1545085,-7888,3.264745,403 423 404 425 435,-2.373663,0.05295172,2.769399,-2.285386,0.3812312,2.702768,-2.736656,0.3812312,2.104889,-2.824934,0.05295175,2.17152,-2.782076,0.3128749,2.608418,1,0,0
425,-0.7054914,0.47,0.2938927,-7888,3.113506,404 424 405 426 435,-2.373663,0.05295172,2.769399,-2.285386,0.3812312,2.702768,-2.736656,0.3812312,2.104889,-2.824934,0.05295175,2.17152,-2.782076,0.3128749,2.608418,1,0,0
426,-0.8161073,0.47,0.4045086,-7888,2.957522,405 425 406 427 435,-2.373663,0.05295172,2.769399,-2.285386,0.3812312,2.702768,-2.736656,0.3812312,2.104889,-2.824934,0.05295175,2.17152,-2.782076,0.3128749,2.608418,1,0,0
427,-0.9554915,0.47,0.4755283,-7888,2.812529,406 426 407 428 435,-2.373663,0.05295172,2.769399,-2.285386,0.3812312,2.702768,-2.736656,0.3812312,2.104889,-2.824934,0.05295175,2.17152,-2.782076,0.3128749,2.608418,1,0,0
428,-1.11,0.47,0.5000001,-7888,2.695543,407 427 408 429 435,-2.373663,0.05295172,2.769399,-2.285386,0.3812312,2.702768,-2.736656,0.3812312,2.104889,-2.824934,0.05295175,2.17152,-2.782076,0.3128749,2.608418,1,0,0
429,-1.264508,0.47,0.4755283,-7888,2.622388,408 428 409 430 435,-2.373663,0.05295172,2.769399,-2.285386,0.3812312,2.702768,-2.736656,0.3812312,2.104889,-2.824934,0.05295175,2.17152,-2.782076,0.3128749,2.608418,1,0,0
430,-1.403893,0.47,0.4045085,-7888,2.604092,409 429 410 431 435,-2.373663,0.05295172,2.769399,-2.285386,0.3812312,2.702768,-2.736656,0.3812312,2.104889,-2.824934,0.05295175,2.17152,-2.782076,0.3128749,2.608418,1,0,0
431,-1.514508,0.47,0.2938927,-7888,2.643566,410 430 411 432 435,-2.373663,0.05295172,2.769399,-2.285386,0.3812312,2.702768,-2.736656,0.3812312,2.104889,-2.824934,0.05295175,2.17152,-2.782076,0.3128749,2.608418,1,0,0
432,-1.585528,0.47,0.1545085,-7888,2.734609,411 431 412 433 435,-2.373663,0.05295172,2.769399,-2.285386,0.3812312,2.702768,-2.736656,0.3812312,2.104889,-2.824934,0.05295175,2.17152,-2.782076,0.3128749,2.608418,1,0,0
433,-1.61,0.47,0,-7888,2.863965,412 432 413 414 435,-2.373663,0.05295172,2.769399,-2.285386,0.3812312,2.702768,-2.736656,0.3812312,2.104889,-2.824934,0.05295175,2.17152,-2.782076,0.3128749,2.608418,1,0,0
434,-1.11,-1.53,0,-7888,3.604978,413 412 394 411 395 410 396 409 397 408 398 407 399 406 400 405 401 404 402 403,-2.373663,0.05295172,2.769399,-2.285386,0.3812312,2.702768,-2.736656,0.3812312,2.104889,-2.824934,0.05295175,2.17152,-2.782076,0.3128749,2.608418,1,0,0
435,-1.11,0.47,0,-7888,3.102317,432 433 431 414 430 415 429 416 428 417 427 418 426 419 425 420 424 421 423 422,-2.373663,0.05295172,2.769399,-2.285386,0.3812312,2.702768,-2.736656,0.3812312,2.104889,-2.824934,0.05295175,2.17152,-2.782076,0.3128749,2.608418,1,0,0
