Order,Position_x,Position_y,Position_z,Owner_ID,Distance_to_Camera,Bottom_Left_x,Bottom_Left_y,Bottom_Left_z,Top_Left_x,Top_Left_y,Top_Left_z,Top_Right_x,Top_Right_y,Top_Right_z,Bottom_Right_x,Bottom_Right_y,Bottom_Right_z,Frustum_Apex_x,Frustum_Apex_y,Frustum_Apex_z,Is_Visible,Out_Of_Frame,BehindAMesh,Predicted_Is_Visible,Predicted_BehindAMesh,Predicted_Out_Of_Frame
0,-1.497173,-0.2878271,0.8901728,-4724,4.362052,-2.260616,0.4419038,-3.07252,-2.260516,0.7862219,-3.034506,-1.511449,0.786222,-3.036469,-1.511549,0.4419037,-3.074482,-1.886814,0.6469836,-3.352681,1,0,0,1,0,0
1,-1.497173,-0.2878271,1.465827,-4724,4.923791,-2.260616,0.4419038,-3.07252,-2.260516,0.7862219,-3.034506,-1.511449,0.786222,-3.036469,-1.511549,0.4419037,-3.074482,-1.886814,0.6469836,-3.352681,0,0,1,1,0,0
2,-2.072827,-0.2878271,0.8901728,-4724,4.348596,-2.260616,0.4419038,-3.07252,-2.260516,0.7862219,-3.034506,-1.511449,0.786222,-3.036469,-1.511549,0.4419037,-3.074482,-1.886814,0.6469836,-3.352681,1,0,0,1,0,0
3,-2.072827,-0.2878271,1.465827,-4724,4.911873,-2.260616,0.4419038,-3.07252,-2.260516,0.7862219,-3.034506,-1.511449,0.786222,-3.036469,-1.511549,0.4419037,-3.074482,-1.886814,0.6469836,-3.352681,1,0,0,1,0,0
4,-1.496165,0.2879004,0.8891646,-4724,4.274904,-2.260616,0.4419038,-3.07252,-2.260516,0.7862219,-3.034506,-1.511449,0.786222,-3.036469,-1.511549,0.4419037,-3.074482,-1.886814,0.6469836,-3.352681,1,0,0,1,0,0
5,-1.496165,0.2879004,1.466835,-4724,4.848638,-2.260616,0.4419038,-3.07252,-2.260516,0.7862219,-3.034506,-1.511449,0.786222,-3.036469,-1.511549,0.4419037,-3.074482,-1.886814,0.6469836,-3.352681,1,0,0,1,0,0
6,-2.073835,0.2879004,0.8891646,-4724,4.261124,-2.260616,0.4419038,-3.07252,-2.260516,0.7862219,-3.034506,-1.511449,0.786222,-3.036469,-1.511549,0.4419037,-3.074482,-1.886814,0.6469836,-3.352681,1,0,0,1,0,0
7,-2.073835,0.2879004,1.466835,-4724,4.836493,-2.260616,0.4419038,-3.07252,-2.260516,0.7862219,-3.034506,-1.511449,0.786222,-3.036469,-1.511549,0.4419037,-3.074482,-1.886814,0.6469836,-3.352681,1,0,0,1,0,0
8,-1.785,-0.5,1.178,-4724,4.674721,-2.260616,0.4419038,-3.07252,-2.260516,0.7862219,-3.034506,-1.511449,0.786222,-3.036469,-1.511549,0.4419037,-3.074482,-1.886814,0.6469836,-3.352681,1,0,0,1,0,0
9,-1.785,0.5,1.178,-4724,4.534208,-2.260616,0.4419038,-3.07252,-2.260516,0.7862219,-3.034506,-1.511449,0.786222,-3.036469,-1.511549,0.4419037,-3.074482,-1.886814,0.6469836,-3.352681,1,0,0,1,0,0
10,-1.285,-4.764297e-09,1.178,-4724,4.616042,-2.260616,0.4419038,-3.07252,-2.260516,0.7862219,-3.034506,-1.511449,0.786222,-3.036469,-1.511549,0.4419037,-3.074482,-1.886814,0.6469836,-3.352681,1,0,0,1,0,0
11,-1.785,-9.537071e-09,1.678,-4724,5.073136,-2.260616,0.4419038,-3.07252,-2.260516,0.7862219,-3.034506,-1.511449,0.786222,-3.036469,-1.511549,0.4419037,-3.074482,-1.886814,0.6469836,-3.352681,0,0,1,0,1,0
12,-2.285,4.764297e-09,1.178,-4724,4.593933,-2.260616,0.4419038,-3.07252,-2.260516,0.7862219,-3.034506,-1.511449,0.786222,-3.036469,-1.511549,0.4419037,-3.074482,-1.886814,0.6469836,-3.352681,1,0,0,1,0,0
13,-1.785,3.274181e-13,0.678,-4724,4.083546,-2.260616,0.4419038,-3.07252,-2.260516,0.7862219,-3.034506,-1.511449,0.786222,-3.036469,-1.511549,0.4419037,-3.074482,-1.886814,0.6469836,-3.352681,1,0,0,1,0,0
14,-1.785,-0.3525147,0.8254853,-4724,4.29726,-2.260616,0.4419038,-3.07252,-2.260516,0.7862219,-3.034506,-1.511449,0.786222,-3.036469,-1.511549,0.4419037,-3.074482,-1.886814,0.6469836,-3.352681,1,0,0,1,0,0
15,-2.137515,-0.3525147,1.178,-4724,4.646388,-2.260616,0.4419038,-3.07252,-2.260516,0.7862219,-3.034506,-1.511449,0.786222,-3.036469,-1.511549,0.4419037,-3.074482,-1.886814,0.6469836,-3.352681,1,0,0,1,0,0
16,-1.785,-0.3525147,1.530515,-4724,4.985476,-2.260616,0.4419038,-3.07252,-2.260516,0.7862219,-3.034506,-1.511449,0.786222,-3.036469,-1.511549,0.4419037,-3.074482,-1.886814,0.6469836,-3.352681,0,0,1,0,0,0
17,-1.432485,-0.3525147,1.178,-4724,4.661811,-2.260616,0.4419038,-3.07252,-2.260516,0.7862219,-3.034506,-1.511449,0.786222,-3.036469,-1.511549,0.4419037,-3.074482,-1.886814,0.6469836,-3.352681,1,0,0,1,0,0
18,-1.431309,0.3527881,1.178,-4724,4.563015,-2.260616,0.4419038,-3.07252,-2.260516,0.7862219,-3.034506,-1.511449,0.786222,-3.036469,-1.511549,0.4419037,-3.074482,-1.886814,0.6469836,-3.352681,1,0,0,1,0,0
19,-1.785,0.3527881,1.531691,-4724,4.894284,-2.260616,0.4419038,-3.07252,-2.260516,0.7862219,-3.034506,-1.511449,0.786222,-3.036469,-1.511549,0.4419037,-3.074482,-1.886814,0.6469836,-3.352681,0,0,1,1,0,0
20,-2.138691,0.3527881,1.178,-4724,4.547204,-2.260616,0.4419038,-3.07252,-2.260516,0.7862219,-3.034506,-1.511449,0.786222,-3.036469,-1.511549,0.4419037,-3.074482,-1.886814,0.6469836,-3.352681,1,0,0,1,0,0
21,-1.785,0.3527881,0.8243086,-4724,4.188575,-2.260616,0.4419038,-3.07252,-2.260516,0.7862219,-3.034506,-1.511449,0.786222,-3.036469,-1.511549,0.4419037,-3.074482,-1.886814,0.6469836,-3.352681,1,0,0,1,0,0
22,-1.431448,-3.128662e-11,1.531552,-4724,4.947897,-2.260616,0.4419038,-3.07252,-2.260516,0.7862219,-3.034506,-1.511449,0.786222,-3.036469,-1.511549,0.4419037,-3.074482,-1.886814,0.6469836,-3.352681,0,0,1,1,0,0
23,-1.431309,-0.0008836466,0.8243086,-4724,4.251407,-2.260616,0.4419038,-3.07252,-2.260516,0.7862219,-3.034506,-1.511449,0.786222,-3.036469,-1.511549,0.4419037,-3.074482,-1.886814,0.6469836,-3.352681,1,0,0,1,0,0
24,-2.138552,3.128662e-11,1.531552,-4724,4.933325,-2.260616,0.4419038,-3.07252,-2.260516,0.7862219,-3.034506,-1.511449,0.786222,-3.036469,-1.511549,0.4419037,-3.074482,-1.886814,0.6469836,-3.352681,0,0,1,1,0,0
25,-2.138691,-0.0008836116,0.8243086,-4724,4.234433,-2.260616,0.4419038,-3.07252,-2.260516,0.7862219,-3.034506,-1.511449,0.786222,-3.036469,-1.511549,0.4419037,-3.074482,-1.886814,0.6469836,-3.352681,1,0,0,1,0,0
26,-1.544807,-0.3089014,0.8690986,-4724,4.342132,-2.260616,0.4419038,-3.07252,-2.260516,0.7862219,-3.034506,-1.511449,0.786222,-3.036469,-1.511549,0.4419037,-3.074482,-1.886814,0.6469836,-3.352681,1,0,0,1,0,0
27,-1.614858,-0.3313476,0.8466523,-4724,4.320358,-2.260616,0.4419038,-3.07252,-2.260516,0.7862219,-3.034506,-1.511449,0.786222,-3.036469,-1.511549,0.4419037,-3.074482,-1.886814,0.6469836,-3.352681,1,0,0,1,0,0
28,-1.69694,-0.3469702,0.8310298,-4724,4.304351,-2.260616,0.4419038,-3.07252,-2.260516,0.7862219,-3.034506,-1.511449,0.786222,-3.036469,-1.511549,0.4419037,-3.074482,-1.886814,0.6469836,-3.352681,1,0,0,1,0,0
29,-2.025193,-0.3089014,0.8690986,-4724,4.330853,-2.260616,0.4419038,-3.07252,-2.260516,0.7862219,-3.034506,-1.511449,0.786222,-3.036469,-1.511549,0.4419037,-3.074482,-1.886814,0.6469836,-3.352681,1,0,0,1,0,0
30,-1.955142,-0.3313476,0.8466523,-4724,4.312332,-2.260616,0.4419038,-3.07252,-2.260516,0.7862219,-3.034506,-1.511449,0.786222,-3.036469,-1.511549,0.4419037,-3.074482,-1.886814,0.6469836,-3.352681,1,0,0,1,0,0
31,-1.87306,-0.3469702,0.8310298,-4724,4.300183,-2.260616,0.4419038,-3.07252,-2.260516,0.7862219,-3.034506,-1.511449,0.786222,-3.036469,-1.511549,0.4419037,-3.074482,-1.886814,0.6469836,-3.352681,1,0,0,1,0,0
32,-2.093901,-0.3089014,0.9378071,-4724,4.400556,-2.260616,0.4419038,-3.07252,-2.260516,0.7862219,-3.034506,-1.511449,0.786222,-3.036469,-1.511549,0.4419037,-3.074482,-1.886814,0.6469836,-3.352681,1,0,0,1,0,0
33,-2.116348,-0.3313476,1.007858,-4724,4.474833,-2.260616,0.4419038,-3.07252,-2.260516,0.7862219,-3.034506,-1.511449,0.786222,-3.036469,-1.511549,0.4419037,-3.074482,-1.886814,0.6469836,-3.352681,1,0,0,1,0,0
34,-2.13197,-0.3469702,1.08994,-4724,4.559049,-2.260616,0.4419038,-3.07252,-2.260516,0.7862219,-3.034506,-1.511449,0.786222,-3.036469,-1.511549,0.4419037,-3.074482,-1.886814,0.6469836,-3.352681,1,0,0,1,0,0
35,-2.093901,-0.3089014,1.418193,-4724,4.870097,-2.260616,0.4419038,-3.07252,-2.260516,0.7862219,-3.034506,-1.511449,0.786222,-3.036469,-1.511549,0.4419037,-3.074482,-1.886814,0.6469836,-3.352681,1,0,0,1,0,0
36,-2.116348,-0.3313476,1.348142,-4724,4.807032,-2.260616,0.4419038,-3.07252,-2.260516,0.7862219,-3.034506,-1.511449,0.786222,-3.036469,-1.511549,0.4419037,-3.074482,-1.886814,0.6469836,-3.352681,1,0,0,1,0,0
37,-2.13197,-0.3469702,1.26606,-4724,4.730837,-2.260616,0.4419038,-3.07252,-2.260516,0.7862219,-3.034506,-1.511449,0.786222,-3.036469,-1.511549,0.4419037,-3.074482,-1.886814,0.6469836,-3.352681,1,0,0,1,0,0
38,-2.025193,-0.3089014,1.486901,-4724,4.93502,-2.260616,0.4419038,-3.07252,-2.260516,0.7862219,-3.034506,-1.511449,0.786222,-3.036469,-1.511549,0.4419037,-3.074482,-1.886814,0.6469836,-3.352681,0,0,1,1,0,0
39,-1.955142,-0.3313476,1.509348,-4724,4.959952,-2.260616,0.4419038,-3.07252,-2.260516,0.7862219,-3.034506,-1.511449,0.786222,-3.036469,-1.511549,0.4419037,-3.074482,-1.886814,0.6469836,-3.352681,0,0,1,0,0,0
40,-1.87306,-0.3469702,1.52497,-4724,4.977913,-2.260616,0.4419038,-3.07252,-2.260516,0.7862219,-3.034506,-1.511449,0.786222,-3.036469,-1.511549,0.4419037,-3.074482,-1.886814,0.6469836,-3.352681,0,0,1,0,0,0
41,-1.544807,-0.3089014,1.486901,-4724,4.944921,-2.260616,0.4419038,-3.07252,-2.260516,0.7862219,-3.034506,-1.511449,0.786222,-3.036469,-1.511549,0.4419037,-3.074482,-1.886814,0.6469836,-3.352681,0,0,1,1,0,0
42,-1.614858,-0.3313476,1.509348,-4724,4.966932,-2.260616,0.4419038,-3.07252,-2.260516,0.7862219,-3.034506,-1.511449,0.786222,-3.036469,-1.511549,0.4419037,-3.074482,-1.886814,0.6469836,-3.352681,0,0,1,0,0,0
43,-1.69694,-0.3469702,1.52497,-4724,4.981514,-2.260616,0.4419038,-3.07252,-2.260516,0.7862219,-3.034506,-1.511449,0.786222,-3.036469,-1.511549,0.4419037,-3.074482,-1.886814,0.6469836,-3.352681,0,0,1,0,0,0
44,-1.476099,-0.3089014,1.418193,-4724,4.882995,-2.260616,0.4419038,-3.07252,-2.260516,0.7862219,-3.034506,-1.511449,0.786222,-3.036469,-1.511549,0.4419037,-3.074482,-1.886814,0.6469836,-3.352681,1,0,0,1,0,0
45,-1.453652,-0.3313476,1.348142,-4724,4.821047,-2.260616,0.4419038,-3.07252,-2.260516,0.7862219,-3.034506,-1.511449,0.786222,-3.036469,-1.511549,0.4419037,-3.074482,-1.886814,0.6469836,-3.352681,1,0,0,1,0,0
46,-1.43803,-0.3469702,1.26606,-4724,4.745748,-2.260616,0.4419038,-3.07252,-2.260516,0.7862219,-3.034506,-1.511449,0.786222,-3.036469,-1.511549,0.4419037,-3.074482,-1.886814,0.6469836,-3.352681,1,0,0,1,0,0
47,-1.476099,-0.3089014,0.9378071,-4724,4.414826,-2.260616,0.4419038,-3.07252,-2.260516,0.7862219,-3.034506,-1.511449,0.786222,-3.036469,-1.511549,0.4419037,-3.074482,-1.886814,0.6469836,-3.352681,1,0,0,1,0,0
48,-1.453652,-0.3313476,1.007858,-4724,4.489885,-2.260616,0.4419038,-3.07252,-2.260516,0.7862219,-3.034506,-1.511449,0.786222,-3.036469,-1.511549,0.4419037,-3.074482,-1.886814,0.6469836,-3.352681,1,0,0,1,0,0
49,-1.43803,-0.3469702,1.08994,-4724,4.57452,-2.260616,0.4419038,-3.07252,-2.260516,0.7862219,-3.034506,-1.511449,0.786222,-3.036469,-1.511549,0.4419037,-3.074482,-1.886814,0.6469836,-3.352681,1,0,0,1,0,0
50,-1.475049,0.3090894,0.9370942,-4724,4.322719,-2.260616,0.4419038,-3.07252,-2.260516,0.7862219,-3.034506,-1.511449,0.786222,-3.036469,-1.511549,0.4419037,-3.074482,-1.886814,0.6469836,-3.352681,1,0,0,1,0,0
51,-1.452527,0.3315698,1.007287,-4724,4.392882,-2.260616,0.4419038,-3.07252,-2.260516,0.7862219,-3.034506,-1.511449,0.786222,-3.036469,-1.511549,0.4419037,-3.074482,-1.886814,0.6469836,-3.352681,1,0,0,1,0,0
52,-1.436872,0.3472266,1.089646,-4724,4.475106,-2.260616,0.4419038,-3.07252,-2.260516,0.7862219,-3.034506,-1.511449,0.786222,-3.036469,-1.511549,0.4419037,-3.074482,-1.886814,0.6469836,-3.352681,1,0,0,1,0,0
53,-1.475049,0.3090894,1.418906,-4724,4.801226,-2.260616,0.4419038,-3.07252,-2.260516,0.7862219,-3.034506,-1.511449,0.786222,-3.036469,-1.511549,0.4419037,-3.074482,-1.886814,0.6469836,-3.352681,1,0,0,1,0,0
54,-1.452527,0.3315698,1.348713,-4724,4.731934,-2.260616,0.4419038,-3.07252,-2.260516,0.7862219,-3.034506,-1.511449,0.786222,-3.036469,-1.511549,0.4419037,-3.074482,-1.886814,0.6469836,-3.352681,1,0,0,1,0,0
55,-1.436872,0.3472266,1.266354,-4724,4.650569,-2.260616,0.4419038,-3.07252,-2.260516,0.7862219,-3.034506,-1.511449,0.786222,-3.036469,-1.511549,0.4419037,-3.074482,-1.886814,0.6469836,-3.352681,1,0,0,1,0,0
56,-1.544094,0.3090894,1.487951,-4724,4.864499,-2.260616,0.4419038,-3.07252,-2.260516,0.7862219,-3.034506,-1.511449,0.786222,-3.036469,-1.511549,0.4419037,-3.074482,-1.886814,0.6469836,-3.352681,1,0,0,1,0,0
57,-1.614287,0.3315698,1.510473,-4724,4.880986,-2.260616,0.4419038,-3.07252,-2.260516,0.7862219,-3.034506,-1.511449,0.786222,-3.036469,-1.511549,0.4419037,-3.074482,-1.886814,0.6469836,-3.352681,1,0,0,1,0,0
58,-1.696645,0.3472266,1.526127,-4724,4.891707,-2.260616,0.4419038,-3.07252,-2.260516,0.7862219,-3.034506,-1.511449,0.786222,-3.036469,-1.511549,0.4419037,-3.074482,-1.886814,0.6469836,-3.352681,0,0,1,1,0,0
59,-2.025906,0.3090894,1.487951,-4724,4.854404,-2.260616,0.4419038,-3.07252,-2.260516,0.7862219,-3.034506,-1.511449,0.786222,-3.036469,-1.511549,0.4419037,-3.074482,-1.886814,0.6469836,-3.352681,1,0,0,1,0,0
60,-1.955713,0.3315698,1.510473,-4724,4.873859,-2.260616,0.4419038,-3.07252,-2.260516,0.7862219,-3.034506,-1.511449,0.786222,-3.036469,-1.511549,0.4419037,-3.074482,-1.886814,0.6469836,-3.352681,1,0,0,1,0,0
61,-1.873354,0.3472266,1.526127,-4724,4.888028,-2.260616,0.4419038,-3.07252,-2.260516,0.7862219,-3.034506,-1.511449,0.786222,-3.036469,-1.511549,0.4419037,-3.074482,-1.886814,0.6469836,-3.352681,0,0,1,1,0,0
62,-2.094951,0.3090894,1.418906,-4724,4.788062,-2.260616,0.4419038,-3.07252,-2.260516,0.7862219,-3.034506,-1.511449,0.786222,-3.036469,-1.511549,0.4419037,-3.074482,-1.886814,0.6469836,-3.352681,1,0,0,1,0,0
63,-2.117473,0.3315698,1.348713,-4724,4.717605,-2.260616,0.4419038,-3.07252,-2.260516,0.7862219,-3.034506,-1.511449,0.786222,-3.036469,-1.511549,0.4419037,-3.074482,-1.886814,0.6469836,-3.352681,1,0,0,1,0,0
64,-2.133127,0.3472266,1.266354,-4724,4.635301,-2.260616,0.4419038,-3.07252,-2.260516,0.7862219,-3.034506,-1.511449,0.786222,-3.036469,-1.511549,0.4419037,-3.074482,-1.886814,0.6469836,-3.352681,1,0,0,1,0,0
65,-2.094951,0.3090894,0.9370942,-4724,4.308094,-2.260616,0.4419038,-3.07252,-2.260516,0.7862219,-3.034506,-1.511449,0.786222,-3.036469,-1.511549,0.4419037,-3.074482,-1.886814,0.6469836,-3.352681,1,0,0,1,0,0
66,-2.117473,0.3315698,1.007287,-4724,4.377444,-2.260616,0.4419038,-3.07252,-2.260516,0.7862219,-3.034506,-1.511449,0.786222,-3.036469,-1.511549,0.4419037,-3.074482,-1.886814,0.6469836,-3.352681,1,0,0,1,0,0
67,-2.133127,0.3472266,1.089646,-4724,4.459237,-2.260616,0.4419038,-3.07252,-2.260516,0.7862219,-3.034506,-1.511449,0.786222,-3.036469,-1.511549,0.4419037,-3.074482,-1.886814,0.6469836,-3.352681,1,0,0,1,0,0
68,-2.025906,0.3090894,0.8680488,-4724,4.236518,-2.260616,0.4419038,-3.07252,-2.260516,0.7862219,-3.034506,-1.511449,0.786222,-3.036469,-1.511549,0.4419037,-3.074482,-1.886814,0.6469836,-3.352681,1,0,0,1,0,0
69,-1.955713,0.3315698,0.8455268,-4724,4.210604,-2.260616,0.4419038,-3.07252,-2.260516,0.7862219,-3.034506,-1.511449,0.786222,-3.036469,-1.511549,0.4419037,-3.074482,-1.886814,0.6469836,-3.352681,1,0,0,1,0,0
70,-1.873354,0.3472266,0.8298725,-4724,4.193303,-2.260616,0.4419038,-3.07252,-2.260516,0.7862219,-3.034506,-1.511449,0.786222,-3.036469,-1.511549,0.4419037,-3.074482,-1.886814,0.6469836,-3.352681,1,0,0,1,0,0
71,-1.544094,0.3090894,0.8680488,-4724,4.248081,-2.260616,0.4419038,-3.07252,-2.260516,0.7862219,-3.034506,-1.511449,0.786222,-3.036469,-1.511549,0.4419037,-3.074482,-1.886814,0.6469836,-3.352681,1,0,0,1,0,0
72,-1.614287,0.3315698,0.8455268,-4724,4.218852,-2.260616,0.4419038,-3.07252,-2.260516,0.7862219,-3.034506,-1.511449,0.786222,-3.036469,-1.511549,0.4419037,-3.074482,-1.886814,0.6469836,-3.352681,1,0,0,1,0,0
73,-1.696645,0.3472266,0.8298725,-4724,4.197591,-2.260616,0.4419038,-3.07252,-2.260516,0.7862219,-3.034506,-1.511449,0.786222,-3.036469,-1.511549,0.4419037,-3.074482,-1.886814,0.6469836,-3.352681,1,0,0,1,0,0
74,-1.476099,-0.2401929,1.486901,-4724,4.93734,-2.260616,0.4419038,-3.07252,-2.260516,0.7862219,-3.034506,-1.511449,0.786222,-3.036469,-1.511549,0.4419037,-3.074482,-1.886814,0.6469836,-3.352681,0,0,1,1,0,0
75,-1.453652,-0.1701416,1.509348,-4724,4.949207,-2.260616,0.4419038,-3.07252,-2.260516,0.7862219,-3.034506,-1.511449,0.786222,-3.036469,-1.511549,0.4419037,-3.074482,-1.886814,0.6469836,-3.352681,0,0,1,1,0,0
76,-1.43803,-0.0880603,1.52497,-4724,4.953098,-2.260616,0.4419038,-3.07252,-2.260516,0.7862219,-3.034506,-1.511449,0.786222,-3.036469,-1.511549,0.4419037,-3.074482,-1.886814,0.6469836,-3.352681,0,0,1,1,0,0
77,-1.475049,0.2401733,1.487951,-4724,4.875117,-2.260616,0.4419038,-3.07252,-2.260516,0.7862219,-3.034506,-1.511449,0.786222,-3.036469,-1.511549,0.4419037,-3.074482,-1.886814,0.6469836,-3.352681,1,0,0,1,0,0
78,-1.452527,0.1698926,1.510473,-4724,4.905761,-2.260616,0.4419038,-3.07252,-2.260516,0.7862219,-3.034506,-1.511449,0.786222,-3.036469,-1.511549,0.4419037,-3.074482,-1.886814,0.6469836,-3.352681,0,0,1,1,0,0
79,-1.436872,0.08750671,1.526127,-4724,4.931353,-2.260616,0.4419038,-3.07252,-2.260516,0.7862219,-3.034506,-1.511449,0.786222,-3.036469,-1.511549,0.4419037,-3.074482,-1.886814,0.6469836,-3.352681,0,0,1,0,0,0
80,-1.475049,0.2401733,0.8680488,-4724,4.260236,-2.260616,0.4419038,-3.07252,-2.260516,0.7862219,-3.034506,-1.511449,0.786222,-3.036469,-1.511549,0.4419037,-3.074482,-1.886814,0.6469836,-3.352681,1,0,0,1,0,0
81,-1.452527,0.1698926,0.8455268,-4724,4.24749,-2.260616,0.4419038,-3.07252,-2.260516,0.7862219,-3.034506,-1.511449,0.786222,-3.036469,-1.511549,0.4419037,-3.074482,-1.886814,0.6469836,-3.352681,1,0,0,1,0,0
82,-1.436872,0.08750671,0.8298725,-4724,4.243727,-2.260616,0.4419038,-3.07252,-2.260516,0.7862219,-3.034506,-1.511449,0.786222,-3.036469,-1.511549,0.4419037,-3.074482,-1.886814,0.6469836,-3.352681,1,0,0,1,0,0
83,-1.476099,-0.2401929,0.8690986,-4724,4.333497,-2.260616,0.4419038,-3.07252,-2.260516,0.7862219,-3.034506,-1.511449,0.786222,-3.036469,-1.511549,0.4419037,-3.074482,-1.886814,0.6469836,-3.352681,1,0,0,1,0,0
84,-1.453652,-0.1701416,0.8466523,-4724,4.299968,-2.260616,0.4419038,-3.07252,-2.260516,0.7862219,-3.034506,-1.511449,0.786222,-3.036469,-1.511549,0.4419037,-3.074482,-1.886814,0.6469836,-3.352681,1,0,0,1,0,0
85,-1.43803,-0.0880603,0.8310298,-4724,4.271432,-2.260616,0.4419038,-3.07252,-2.260516,0.7862219,-3.034506,-1.511449,0.786222,-3.036469,-1.511549,0.4419037,-3.074482,-1.886814,0.6469836,-3.352681,1,0,0,1,0,0
86,-2.093901,-0.2401929,1.486901,-4724,4.924584,-2.260616,0.4419038,-3.07252,-2.260516,0.7862219,-3.034506,-1.511449,0.786222,-3.036469,-1.511549,0.4419037,-3.074482,-1.886814,0.6469836,-3.352681,0,0,1,0,0,0
87,-2.116348,-0.1701416,1.509348,-4724,4.935555,-2.260616,0.4419038,-3.07252,-2.260516,0.7862219,-3.034506,-1.511449,0.786222,-3.036469,-1.511549,0.4419037,-3.074482,-1.886814,0.6469836,-3.352681,0,0,1,0,0,0
88,-2.13197,-0.0880603,1.52497,-4724,4.938813,-2.260616,0.4419038,-3.07252,-2.260516,0.7862219,-3.034506,-1.511449,0.786222,-3.036469,-1.511549,0.4419037,-3.074482,-1.886814,0.6469836,-3.352681,0,0,1,1,0,0
89,-2.094951,0.2401733,1.487951,-4724,4.862154,-2.260616,0.4419038,-3.07252,-2.260516,0.7862219,-3.034506,-1.511449,0.786222,-3.036469,-1.511549,0.4419037,-3.074482,-1.886814,0.6469836,-3.352681,1,0,0,1,0,0
90,-2.117473,0.1698926,1.510473,-4724,4.891942,-2.260616,0.4419038,-3.07252,-2.260516,0.7862219,-3.034506,-1.511449,0.786222,-3.036469,-1.511549,0.4419037,-3.074482,-1.886814,0.6469836,-3.352681,1,0,0,1,0,0
91,-2.133127,0.08750671,1.526127,-4724,4.916956,-2.260616,0.4419038,-3.07252,-2.260516,0.7862219,-3.034506,-1.511449,0.786222,-3.036469,-1.511549,0.4419037,-3.074482,-1.886814,0.6469836,-3.352681,0,0,1,1,0,0
92,-2.093901,-0.2401929,0.8690986,-4724,4.318957,-2.260616,0.4419038,-3.07252,-2.260516,0.7862219,-3.034506,-1.511449,0.786222,-3.036469,-1.511549,0.4419037,-3.074482,-1.886814,0.6469836,-3.352681,1,0,0,1,0,0
93,-2.116348,-0.1701416,0.8466523,-4724,4.284248,-2.260616,0.4419038,-3.07252,-2.260516,0.7862219,-3.034506,-1.511449,0.786222,-3.036469,-1.511549,0.4419037,-3.074482,-1.886814,0.6469836,-3.352681,1,0,0,1,0,0
94,-2.13197,-0.0880603,0.8310298,-4724,4.254859,-2.260616,0.4419038,-3.07252,-2.260516,0.7862219,-3.034506,-1.511449,0.786222,-3.036469,-1.511549,0.4419037,-3.074482,-1.886814,0.6469836,-3.352681,1,0,0,1,0,0
95,-2.094951,0.2401733,0.8680488,-4724,4.245395,-2.260616,0.4419038,-3.07252,-2.260516,0.7862219,-3.034506,-1.511449,0.786222,-3.036469,-1.511549,0.4419037,-3.074482,-1.886814,0.6469836,-3.352681,1,0,0,1,0,0
96,-2.117473,0.1698926,0.8455268,-4724,4.231521,-2.260616,0.4419038,-3.07252,-2.260516,0.7862219,-3.034506,-1.511449,0.786222,-3.036469,-1.511549,0.4419037,-3.074482,-1.886814,0.6469836,-3.352681,1,0,0,1,0,0
97,-2.133127,0.08750671,0.8298725,-4724,4.22699,-2.260616,0.4419038,-3.07252,-2.260516,0.7862219,-3.034506,-1.511449,0.786222,-3.036469,-1.511549,0.4419037,-3.074482,-1.886814,0.6469836,-3.352681,1,0,0,1,0,0
98,-1.785,-0.4123633,0.8978413,-4724,4.381726,-2.260616,0.4419038,-3.07252,-2.260516,0.7862219,-3.034506,-1.511449,0.786222,-3.036469,-1.511549,0.4419037,-3.074482,-1.886814,0.6469836,-3.352681,1,0,0,1,0,0
99,-1.785,-0.4585547,0.9823945,-4724,4.474982,-2.260616,0.4419038,-3.07252,-2.260516,0.7862219,-3.034506,-1.511449,0.786222,-3.036469,-1.511549,0.4419037,-3.074482,-1.886814,0.6469836,-3.352681,1,0,0,1,0,0
100,-1.785,-0.4882324,1.077205,-4724,4.574164,-2.260616,0.4419038,-3.07252,-2.260516,0.7862219,-3.034506,-1.511449,0.786222,-3.036469,-1.511549,0.4419037,-3.074482,-1.886814,0.6469836,-3.352681,1,0,0,1,0,0
101,-2.065159,-0.4123633,1.178,-4724,4.656297,-2.260616,0.4419038,-3.07252,-2.260516,0.7862219,-3.034506,-1.511449,0.786222,-3.036469,-1.511549,0.4419037,-3.074482,-1.886814,0.6469836,-3.352681,1,0,0,1,0,0
102,-1.980605,-0.4585547,1.178,-4724,4.664557,-2.260616,0.4419038,-3.07252,-2.260516,0.7862219,-3.034506,-1.511449,0.786222,-3.036469,-1.511549,0.4419037,-3.074482,-1.886814,0.6469836,-3.352681,1,0,0,1,0,0
103,-1.885795,-0.4882324,1.178,-4724,4.670738,-2.260616,0.4419038,-3.07252,-2.260516,0.7862219,-3.034506,-1.511449,0.786222,-3.036469,-1.511549,0.4419037,-3.074482,-1.886814,0.6469836,-3.352681,1,0,0,1,0,0
104,-1.785,-0.4123633,1.458159,-4724,4.927145,-2.260616,0.4419038,-3.07252,-2.260516,0.7862219,-3.034506,-1.511449,0.786222,-3.036469,-1.511549,0.4419037,-3.074482,-1.886814,0.6469836,-3.352681,0,0,1,1,0,0
105,-1.785,-0.4585547,1.373605,-4724,4.854932,-2.260616,0.4419038,-3.07252,-2.260516,0.7862219,-3.034506,-1.511449,0.786222,-3.036469,-1.511549,0.4419037,-3.074482,-1.886814,0.6469836,-3.352681,1,0,0,1,0,0
106,-1.785,-0.4882324,1.278795,-4724,4.76966,-2.260616,0.4419038,-3.07252,-2.260516,0.7862219,-3.034506,-1.511449,0.786222,-3.036469,-1.511549,0.4419037,-3.074482,-1.886814,0.6469836,-3.352681,1,0,0,1,0,0
107,-1.504841,-0.4123633,1.178,-4724,4.668532,-2.260616,0.4419038,-3.07252,-2.260516,0.7862219,-3.034506,-1.511449,0.786222,-3.036469,-1.511549,0.4419037,-3.074482,-1.886814,0.6469836,-3.352681,1,0,0,1,0,0
108,-1.589394,-0.4585547,1.178,-4724,4.673088,-2.260616,0.4419038,-3.07252,-2.260516,0.7862219,-3.034506,-1.511449,0.786222,-3.036469,-1.511549,0.4419037,-3.074482,-1.886814,0.6469836,-3.352681,1,0,0,1,0,0
109,-1.684205,-0.4882324,1.178,-4724,4.67513,-2.260616,0.4419038,-3.07252,-2.260516,0.7862219,-3.034506,-1.511449,0.786222,-3.036469,-1.511549,0.4419037,-3.074482,-1.886814,0.6469836,-3.352681,1,0,0,1,0,0
110,-1.50385,0.4128613,1.178,-4724,4.552861,-2.260616,0.4419038,-3.07252,-2.260516,0.7862219,-3.034506,-1.511449,0.786222,-3.036469,-1.511549,0.4419037,-3.074482,-1.886814,0.6469836,-3.352681,1,0,0,1,0,0
111,-1.588724,0.4591016,1.178,-4724,4.544362,-2.260616,0.4419038,-3.07252,-2.260516,0.7862219,-3.034506,-1.511449,0.786222,-3.036469,-1.511549,0.4419037,-3.074482,-1.886814,0.6469836,-3.352681,1,0,0,1,0,0
112,-1.683864,0.4888574,1.178,-4724,4.537981,-2.260616,0.4419038,-3.07252,-2.260516,0.7862219,-3.034506,-1.511449,0.786222,-3.036469,-1.511549,0.4419037,-3.074482,-1.886814,0.6469836,-3.352681,1,0,0,1,0,0
113,-1.785,0.4128613,1.45915,-4724,4.8186,-2.260616,0.4419038,-3.07252,-2.260516,0.7862219,-3.034506,-1.511449,0.786222,-3.036469,-1.511549,0.4419037,-3.074482,-1.886814,0.6469836,-3.352681,1,0,0,1,0,0
114,-1.785,0.4591016,1.374276,-4724,4.731785,-2.260616,0.4419038,-3.07252,-2.260516,0.7862219,-3.034506,-1.511449,0.786222,-3.036469,-1.511549,0.4419037,-3.074482,-1.886814,0.6469836,-3.352681,1,0,0,1,0,0
115,-1.785,0.4888574,1.279136,-4724,4.635634,-2.260616,0.4419038,-3.07252,-2.260516,0.7862219,-3.034506,-1.511449,0.786222,-3.036469,-1.511549,0.4419037,-3.074482,-1.886814,0.6469836,-3.352681,1,0,0,1,0,0
116,-2.06615,0.4128613,1.178,-4724,4.54027,-2.260616,0.4419038,-3.07252,-2.260516,0.7862219,-3.034506,-1.511449,0.786222,-3.036469,-1.511549,0.4419037,-3.074482,-1.886814,0.6469836,-3.352681,1,0,0,1,0,0
117,-1.981276,0.4591016,1.178,-4724,4.535559,-2.260616,0.4419038,-3.07252,-2.260516,0.7862219,-3.034506,-1.511449,0.786222,-3.036469,-1.511549,0.4419037,-3.074482,-1.886814,0.6469836,-3.352681,1,0,0,1,0,0
118,-1.886136,0.4888574,1.178,-4724,4.53344,-2.260616,0.4419038,-3.07252,-2.260516,0.7862219,-3.034506,-1.511449,0.786222,-3.036469,-1.511549,0.4419037,-3.074482,-1.886814,0.6469836,-3.352681,1,0,0,1,0,0
119,-1.785,0.4128613,0.8968501,-4724,4.257194,-2.260616,0.4419038,-3.07252,-2.260516,0.7862219,-3.034506,-1.511449,0.786222,-3.036469,-1.511549,0.4419037,-3.074482,-1.886814,0.6469836,-3.352681,1,0,0,1,0,0
120,-1.785,0.4591016,0.9817243,-4724,4.339671,-2.260616,0.4419038,-3.07252,-2.260516,0.7862219,-3.034506,-1.511449,0.786222,-3.036469,-1.511549,0.4419037,-3.074482,-1.886814,0.6469836,-3.352681,1,0,0,1,0,0
121,-1.785,0.4888574,1.076864,-4724,4.433536,-2.260616,0.4419038,-3.07252,-2.260516,0.7862219,-3.034506,-1.511449,0.786222,-3.036469,-1.511549,0.4419037,-3.074482,-1.886814,0.6469836,-3.352681,1,0,0,1,0,0
122,-1.372637,-0.2801587,1.178,-4724,4.653069,-2.260616,0.4419038,-3.07252,-2.260516,0.7862219,-3.034506,-1.511449,0.786222,-3.036469,-1.511549,0.4419037,-3.074482,-1.886814,0.6469836,-3.352681,1,0,0,1,0,0
123,-1.326445,-0.1956055,1.178,-4724,4.64231,-2.260616,0.4419038,-3.07252,-2.260516,0.7862219,-3.034506,-1.511449,0.786222,-3.036469,-1.511549,0.4419037,-3.074482,-1.886814,0.6469836,-3.352681,1,0,0,1,0,0
124,-1.296768,-0.1007953,1.178,-4724,4.62973,-2.260616,0.4419038,-3.07252,-2.260516,0.7862219,-3.034506,-1.511449,0.786222,-3.036469,-1.511549,0.4419037,-3.074482,-1.886814,0.6469836,-3.352681,1,0,0,1,0,0
125,-1.369265,2.270099e-11,1.455786,-4724,4.879323,-2.260616,0.4419038,-3.07252,-2.260516,0.7862219,-3.034506,-1.511449,0.786222,-3.036469,-1.511549,0.4419037,-3.074482,-1.886814,0.6469836,-3.352681,1,0,0,1,0,0
126,-1.323061,3.492459e-11,1.369341,-4724,4.799365,-2.260616,0.4419038,-3.07252,-2.260516,0.7862219,-3.034506,-1.511449,0.786222,-3.036469,-1.511549,0.4419037,-3.074482,-1.886814,0.6469836,-3.352681,1,0,0,1,0,0
127,-1.294609,7.275958e-12,1.275545,-4724,4.710602,-2.260616,0.4419038,-3.07252,-2.260516,0.7862219,-3.034506,-1.511449,0.786222,-3.036469,-1.511549,0.4419037,-3.074482,-1.886814,0.6469836,-3.352681,1,0,0,1,0,0
128,-1.371252,0.2802221,1.178,-4724,4.574646,-2.260616,0.4419038,-3.07252,-2.260516,0.7862219,-3.034506,-1.511449,0.786222,-3.036469,-1.511549,0.4419037,-3.074482,-1.886814,0.6469836,-3.352681,1,0,0,1,0,0
129,-1.325156,0.195459,1.178,-4724,4.587636,-2.260616,0.4419038,-3.07252,-2.260516,0.7862219,-3.034506,-1.511449,0.786222,-3.036469,-1.511549,0.4419037,-3.074482,-1.886814,0.6469836,-3.352681,1,0,0,1,0,0
130,-1.295342,0.1002966,1.178,-4724,4.601715,-2.260616,0.4419038,-3.07252,-2.260516,0.7862219,-3.034506,-1.511449,0.786222,-3.036469,-1.511549,0.4419037,-3.074482,-1.886814,0.6469836,-3.352681,1,0,0,1,0,0
131,-1.371252,-0.0008836472,0.8968501,-4724,4.329441,-2.260616,0.4419038,-3.07252,-2.260516,0.7862219,-3.034506,-1.511449,0.786222,-3.036469,-1.511549,0.4419037,-3.074482,-1.886814,0.6469836,-3.352681,1,0,0,1,0,0
132,-1.325156,-0.0008836464,0.9817243,-4724,4.418401,-2.260616,0.4419038,-3.07252,-2.260516,0.7862219,-3.034506,-1.511449,0.786222,-3.036469,-1.511549,0.4419037,-3.074482,-1.886814,0.6469836,-3.352681,1,0,0,1,0,0
133,-1.295342,-0.0008836508,1.076864,-4724,4.515578,-2.260616,0.4419038,-3.07252,-2.260516,0.7862219,-3.034506,-1.511449,0.786222,-3.036469,-1.511549,0.4419037,-3.074482,-1.886814,0.6469836,-3.352681,1,0,0,1,0,0
134,-1.785,-0.2801587,1.590363,-4724,5.030273,-2.260616,0.4419038,-3.07252,-2.260516,0.7862219,-3.034506,-1.511449,0.786222,-3.036469,-1.511549,0.4419037,-3.074482,-1.886814,0.6469836,-3.352681,0,0,1,0,0,0
135,-1.785,-0.1956055,1.636555,-4724,5.060909,-2.260616,0.4419038,-3.07252,-2.260516,0.7862219,-3.034506,-1.511449,0.786222,-3.036469,-1.511549,0.4419037,-3.074482,-1.886814,0.6469836,-3.352681,0,0,1,0,1,0
136,-1.785,-0.1007953,1.666232,-4724,5.075336,-2.260616,0.4419038,-3.07252,-2.260516,0.7862219,-3.034506,-1.511449,0.786222,-3.036469,-1.511549,0.4419037,-3.074482,-1.886814,0.6469836,-3.352681,0,0,1,0,1,0
137,-2.062786,3.143213e-11,1.593735,-4724,4.991652,-2.260616,0.4419038,-3.07252,-2.260516,0.7862219,-3.034506,-1.511449,0.786222,-3.036469,-1.511549,0.4419037,-3.074482,-1.886814,0.6469836,-3.352681,0,0,1,0,1,0
138,-1.976341,-8.076313e-12,1.639938,-4724,5.035162,-2.260616,0.4419038,-3.07252,-2.260516,0.7862219,-3.034506,-1.511449,0.786222,-3.036469,-1.511549,0.4419037,-3.074482,-1.886814,0.6469836,-3.352681,0,0,1,0,1,0
139,-1.882545,3.588866e-11,1.668391,-4724,5.062585,-2.260616,0.4419038,-3.07252,-2.260516,0.7862219,-3.034506,-1.511449,0.786222,-3.036469,-1.511549,0.4419037,-3.074482,-1.886814,0.6469836,-3.352681,0,0,1,0,1,0
140,-1.785,0.2802221,1.591748,-4724,4.959058,-2.260616,0.4419038,-3.07252,-2.260516,0.7862219,-3.034506,-1.511449,0.786222,-3.036469,-1.511549,0.4419037,-3.074482,-1.886814,0.6469836,-3.352681,0,0,1,0,0,0
141,-1.785,0.195459,1.637844,-4724,5.011944,-2.260616,0.4419038,-3.07252,-2.260516,0.7862219,-3.034506,-1.511449,0.786222,-3.036469,-1.511549,0.4419037,-3.074482,-1.886814,0.6469836,-3.352681,0,0,1,0,1,0
142,-1.785,0.1002972,1.667658,-4724,5.051044,-2.260616,0.4419038,-3.07252,-2.260516,0.7862219,-3.034506,-1.511449,0.786222,-3.036469,-1.511549,0.4419037,-3.074482,-1.886814,0.6469836,-3.352681,0,0,1,0,1,0
143,-1.507214,-3.143213e-11,1.593735,-4724,5.002971,-2.260616,0.4419038,-3.07252,-2.260516,0.7862219,-3.034506,-1.511449,0.786222,-3.036469,-1.511549,0.4419037,-3.074482,-1.886814,0.6469836,-3.352681,0,0,1,0,1,0
144,-1.593658,8.076313e-12,1.639938,-4724,5.042894,-2.260616,0.4419038,-3.07252,-2.260516,0.7862219,-3.034506,-1.511449,0.786222,-3.036469,-1.511549,0.4419037,-3.074482,-1.886814,0.6469836,-3.352681,0,0,1,0,1,0
145,-1.687455,-3.605237e-11,1.668391,-4724,5.066507,-2.260616,0.4419038,-3.07252,-2.260516,0.7862219,-3.034506,-1.511449,0.786222,-3.036469,-1.511549,0.4419037,-3.074482,-1.886814,0.6469836,-3.352681,0,0,1,0,1,0
146,-2.197363,-0.2801587,1.178,-4724,4.634987,-2.260616,0.4419038,-3.07252,-2.260516,0.7862219,-3.034506,-1.511449,0.786222,-3.036469,-1.511549,0.4419037,-3.074482,-1.886814,0.6469836,-3.352681,1,0,0,1,0,0
147,-2.243555,-0.1956055,1.178,-4724,4.622153,-2.260616,0.4419038,-3.07252,-2.260516,0.7862219,-3.034506,-1.511449,0.786222,-3.036469,-1.511549,0.4419037,-3.074482,-1.886814,0.6469836,-3.352681,1,0,0,1,0,0
148,-2.273232,-0.1007947,1.178,-4724,4.608207,-2.260616,0.4419038,-3.07252,-2.260516,0.7862219,-3.034506,-1.511449,0.786222,-3.036469,-1.511549,0.4419037,-3.074482,-1.886814,0.6469836,-3.352681,1,0,0,1,0,0
149,-2.198748,-0.0008836098,0.8968501,-4724,4.309937,-2.260616,0.4419038,-3.07252,-2.260516,0.7862219,-3.034506,-1.511449,0.786222,-3.036469,-1.511549,0.4419037,-3.074482,-1.886814,0.6469836,-3.352681,1,0,0,1,0,0
150,-2.244844,-0.0008836057,0.9817243,-4724,4.397157,-2.260616,0.4419038,-3.07252,-2.260516,0.7862219,-3.034506,-1.511449,0.786222,-3.036469,-1.511549,0.4419037,-3.074482,-1.886814,0.6469836,-3.352681,1,0,0,1,0,0
151,-2.274658,-0.000883606,1.076864,-4724,4.493443,-2.260616,0.4419038,-3.07252,-2.260516,0.7862219,-3.034506,-1.511449,0.786222,-3.036469,-1.511549,0.4419037,-3.074482,-1.886814,0.6469836,-3.352681,1,0,0,1,0,0
152,-2.198748,0.2802221,1.178,-4724,4.556193,-2.260616,0.4419038,-3.07252,-2.260516,0.7862219,-3.034506,-1.511449,0.786222,-3.036469,-1.511549,0.4419037,-3.074482,-1.886814,0.6469836,-3.352681,1,0,0,1,0,0
153,-2.244844,0.195459,1.178,-4724,4.56718,-2.260616,0.4419038,-3.07252,-2.260516,0.7862219,-3.034506,-1.511449,0.786222,-3.036469,-1.511549,0.4419037,-3.074482,-1.886814,0.6469836,-3.352681,1,0,0,1,0,0
154,-2.274658,0.1002972,1.178,-4724,4.579996,-2.260616,0.4419038,-3.07252,-2.260516,0.7862219,-3.034506,-1.511449,0.786222,-3.036469,-1.511549,0.4419037,-3.074482,-1.886814,0.6469836,-3.352681,1,0,0,1,0,0
155,-2.200735,-2.313754e-11,1.455786,-4724,4.861943,-2.260616,0.4419038,-3.07252,-2.260516,0.7862219,-3.034506,-1.511449,0.786222,-3.036469,-1.511549,0.4419037,-3.074482,-1.886814,0.6469836,-3.352681,1,0,0,1,0,0
156,-2.246938,-3.492459e-11,1.369341,-4724,4.779726,-2.260616,0.4419038,-3.07252,-2.260516,0.7862219,-3.034506,-1.511449,0.786222,-3.036469,-1.511549,0.4419037,-3.074482,-1.886814,0.6469836,-3.352681,1,0,0,1,0,0
157,-2.275391,-7.275958e-12,1.275545,-4724,4.689356,-2.260616,0.4419038,-3.07252,-2.260516,0.7862219,-3.034506,-1.511449,0.786222,-3.036469,-1.511549,0.4419037,-3.074482,-1.886814,0.6469836,-3.352681,1,0,0,1,0,0
158,-1.785,-0.2801587,0.7656367,-4724,4.222618,-2.260616,0.4419038,-3.07252,-2.260516,0.7862219,-3.034506,-1.511449,0.786222,-3.036469,-1.511549,0.4419037,-3.074482,-1.886814,0.6469836,-3.352681,1,0,0,1,0,0
159,-1.785,-0.1956055,0.7194453,-4724,4.159632,-2.260616,0.4419038,-3.07252,-2.260516,0.7862219,-3.034506,-1.511449,0.786222,-3.036469,-1.511549,0.4419037,-3.074482,-1.886814,0.6469836,-3.352681,1,0,0,1,0,0
160,-1.785,-0.1007953,0.6897676,-4724,4.11229,-2.260616,0.4419038,-3.07252,-2.260516,0.7862219,-3.034506,-1.511449,0.786222,-3.036469,-1.511549,0.4419037,-3.074482,-1.886814,0.6469836,-3.352681,1,0,0,1,0,0
161,-1.50385,-0.0008836342,0.7642524,-4724,4.185157,-2.260616,0.4419038,-3.07252,-2.260516,0.7862219,-3.034506,-1.511449,0.786222,-3.036469,-1.511549,0.4419037,-3.074482,-1.886814,0.6469836,-3.352681,1,0,0,1,0,0
162,-1.588724,-0.0008836379,0.7181562,-4724,4.132833,-2.260616,0.4419038,-3.07252,-2.260516,0.7862219,-3.034506,-1.511449,0.786222,-3.036469,-1.511549,0.4419037,-3.074482,-1.886814,0.6469836,-3.352681,1,0,0,1,0,0
163,-1.683864,-0.0008836288,0.6883417,-4724,4.097657,-2.260616,0.4419038,-3.07252,-2.260516,0.7862219,-3.034506,-1.511449,0.786222,-3.036469,-1.511549,0.4419037,-3.074482,-1.886814,0.6469836,-3.352681,1,0,0,1,0,0
164,-1.785,0.2802221,0.7642524,-4724,4.134492,-2.260616,0.4419038,-3.07252,-2.260516,0.7862219,-3.034506,-1.511449,0.786222,-3.036469,-1.511549,0.4419037,-3.074482,-1.886814,0.6469836,-3.352681,1,0,0,1,0,0
165,-1.785,0.195459,0.7181562,-4724,4.097067,-2.260616,0.4419038,-3.07252,-2.260516,0.7862219,-3.034506,-1.511449,0.786222,-3.036469,-1.511549,0.4419037,-3.074482,-1.886814,0.6469836,-3.352681,1,0,0,1,0,0
166,-1.785,0.1002972,0.6883417,-4724,4.079105,-2.260616,0.4419038,-3.07252,-2.260516,0.7862219,-3.034506,-1.511449,0.786222,-3.036469,-1.511549,0.4419037,-3.074482,-1.886814,0.6469836,-3.352681,1,0,0,1,0,0
167,-2.06615,-0.0008836147,0.7642524,-4724,4.171455,-2.260616,0.4419038,-3.07252,-2.260516,0.7862219,-3.034506,-1.511449,0.786222,-3.036469,-1.511549,0.4419037,-3.074482,-1.886814,0.6469836,-3.352681,1,0,0,1,0,0
168,-1.981276,-0.0008836184,0.7181562,-4724,4.123151,-2.260616,0.4419038,-3.07252,-2.260516,0.7862219,-3.034506,-1.511449,0.786222,-3.036469,-1.511549,0.4419037,-3.074482,-1.886814,0.6469836,-3.352681,1,0,0,1,0,0
169,-1.886136,-0.0008836251,0.6883417,-4724,4.092628,-2.260616,0.4419038,-3.07252,-2.260516,0.7862219,-3.034506,-1.511449,0.786222,-3.036469,-1.511549,0.4419037,-3.074482,-1.886814,0.6469836,-3.352681,1,0,0,1,0,0
170,-1.536497,-0.3535864,0.9294965,-4724,4.411452,-2.260616,0.4419038,-3.07252,-2.260516,0.7862219,-3.034506,-1.511449,0.786222,-3.036469,-1.511549,0.4419037,-3.074482,-1.886814,0.6469836,-3.352681,1,0,0,1,0,0
171,-1.610122,-0.3852368,0.9142915,-4724,4.398761,-2.260616,0.4419038,-3.07252,-2.260516,0.7862219,-3.034506,-1.511449,0.786222,-3.036469,-1.511549,0.4419037,-3.074482,-1.886814,0.6469836,-3.352681,1,0,0,1,0,0
172,-1.694788,-0.4055811,0.9025044,-4724,4.387639,-2.260616,0.4419038,-3.07252,-2.260516,0.7862219,-3.034506,-1.511449,0.786222,-3.036469,-1.511549,0.4419037,-3.074482,-1.886814,0.6469836,-3.352681,1,0,0,1,0,0
173,-1.521291,-0.3852368,1.003122,-4724,4.491337,-2.260616,0.4419038,-3.07252,-2.260516,0.7862219,-3.034506,-1.511449,0.786222,-3.036469,-1.511549,0.4419037,-3.074482,-1.886814,0.6469836,-3.352681,1,0,0,1,0,0
174,-1.601057,-0.4252783,0.9940571,-4724,4.486149,-2.260616,0.4419038,-3.07252,-2.260516,0.7862219,-3.034506,-1.511449,0.786222,-3.036469,-1.511549,0.4419037,-3.074482,-1.886814,0.6469836,-3.352681,1,0,0,1,0,0
175,-1.690493,-0.4502636,0.9860005,-4724,4.479582,-2.260616,0.4419038,-3.07252,-2.260516,0.7862219,-3.034506,-1.511449,0.786222,-3.036469,-1.511549,0.4419037,-3.074482,-1.886814,0.6469836,-3.352681,1,0,0,1,0,0
176,-1.509504,-0.4055811,1.087788,-4724,4.579085,-2.260616,0.4419038,-3.07252,-2.260516,0.7862219,-3.034506,-1.511449,0.786222,-3.036469,-1.511549,0.4419037,-3.074482,-1.886814,0.6469836,-3.352681,1,0,0,1,0,0
177,-1.593,-0.4502636,1.083493,-4724,4.579292,-2.260616,0.4419038,-3.07252,-2.260516,0.7862219,-3.034506,-1.511449,0.786222,-3.036469,-1.511549,0.4419037,-3.074482,-1.886814,0.6469836,-3.352681,1,0,0,1,0,0
178,-1.686248,-0.4785693,1.079247,-4724,4.577017,-2.260616,0.4419038,-3.07252,-2.260516,0.7862219,-3.034506,-1.511449,0.786222,-3.036469,-1.511549,0.4419037,-3.074482,-1.886814,0.6469836,-3.352681,1,0,0,1,0,0
179,-2.033503,-0.3535864,0.9294965,-4724,4.399967,-2.260616,0.4419038,-3.07252,-2.260516,0.7862219,-3.034506,-1.511449,0.786222,-3.036469,-1.511549,0.4419037,-3.074482,-1.886814,0.6469836,-3.352681,1,0,0,1,0,0
180,-2.048708,-0.3852368,1.003122,-4724,4.479365,-2.260616,0.4419038,-3.07252,-2.260516,0.7862219,-3.034506,-1.511449,0.786222,-3.036469,-1.511549,0.4419037,-3.074482,-1.886814,0.6469836,-3.352681,1,0,0,1,0,0
181,-2.060496,-0.4055811,1.087788,-4724,4.566817,-2.260616,0.4419038,-3.07252,-2.260516,0.7862219,-3.034506,-1.511449,0.786222,-3.036469,-1.511549,0.4419037,-3.074482,-1.886814,0.6469836,-3.352681,1,0,0,1,0,0
182,-1.959878,-0.3852368,0.9142915,-4724,4.390658,-2.260616,0.4419038,-3.07252,-2.260516,0.7862219,-3.034506,-1.511449,0.786222,-3.036469,-1.511549,0.4419037,-3.074482,-1.886814,0.6469836,-3.352681,1,0,0,1,0,0
183,-1.968943,-0.4252783,0.9940571,-4724,4.477792,-2.260616,0.4419038,-3.07252,-2.260516,0.7862219,-3.034506,-1.511449,0.786222,-3.036469,-1.511549,0.4419037,-3.074482,-1.886814,0.6469836,-3.352681,1,0,0,1,0,0
184,-1.977,-0.4502636,1.083493,-4724,4.570746,-2.260616,0.4419038,-3.07252,-2.260516,0.7862219,-3.034506,-1.511449,0.786222,-3.036469,-1.511549,0.4419037,-3.074482,-1.886814,0.6469836,-3.352681,1,0,0,1,0,0
185,-1.875212,-0.4055811,0.9025044,-4724,4.38345,-2.260616,0.4419038,-3.07252,-2.260516,0.7862219,-3.034506,-1.511449,0.786222,-3.036469,-1.511549,0.4419037,-3.074482,-1.886814,0.6469836,-3.352681,1,0,0,1,0,0
186,-1.879507,-0.4502636,0.9860005,-4724,4.475284,-2.260616,0.4419038,-3.07252,-2.260516,0.7862219,-3.034506,-1.511449,0.786222,-3.036469,-1.511549,0.4419037,-3.074482,-1.886814,0.6469836,-3.352681,1,0,0,1,0,0
187,-1.883752,-0.4785693,1.079247,-4724,4.572622,-2.260616,0.4419038,-3.07252,-2.260516,0.7862219,-3.034506,-1.511449,0.786222,-3.036469,-1.511549,0.4419037,-3.074482,-1.886814,0.6469836,-3.352681,1,0,0,1,0,0
188,-2.033503,-0.3535864,1.426503,-4724,4.885004,-2.260616,0.4419038,-3.07252,-2.260516,0.7862219,-3.034506,-1.511449,0.786222,-3.036469,-1.511549,0.4419037,-3.074482,-1.886814,0.6469836,-3.352681,1,0,0,1,0,0
189,-1.959878,-0.3852368,1.441708,-4724,4.904793,-2.260616,0.4419038,-3.07252,-2.260516,0.7862219,-3.034506,-1.511449,0.786222,-3.036469,-1.511549,0.4419037,-3.074482,-1.886814,0.6469836,-3.352681,1,0,0,1,0,0
190,-1.875212,-0.4055811,1.453496,-4724,4.920098,-2.260616,0.4419038,-3.07252,-2.260516,0.7862219,-3.034506,-1.511449,0.786222,-3.036469,-1.511549,0.4419037,-3.074482,-1.886814,0.6469836,-3.352681,0,0,1,1,0,0
191,-2.048708,-0.3852368,1.352878,-4724,4.820164,-2.260616,0.4419038,-3.07252,-2.260516,0.7862219,-3.034506,-1.511449,0.786222,-3.036469,-1.511549,0.4419037,-3.074482,-1.886814,0.6469836,-3.352681,1,0,0,1,0,0
192,-1.968943,-0.4252783,1.361943,-4724,4.835719,-2.260616,0.4419038,-3.07252,-2.260516,0.7862219,-3.034506,-1.511449,0.786222,-3.036469,-1.511549,0.4419037,-3.074482,-1.886814,0.6469836,-3.352681,1,0,0,1,0,0
193,-1.879507,-0.4502636,1.37,-4724,4.848476,-2.260616,0.4419038,-3.07252,-2.260516,0.7862219,-3.034506,-1.511449,0.786222,-3.036469,-1.511549,0.4419037,-3.074482,-1.886814,0.6469836,-3.352681,1,0,0,1,0,0
194,-2.060496,-0.4055811,1.268212,-4724,4.742437,-2.260616,0.4419038,-3.07252,-2.260516,0.7862219,-3.034506,-1.511449,0.786222,-3.036469,-1.511549,0.4419037,-3.074482,-1.886814,0.6469836,-3.352681,1,0,0,1,0,0
195,-1.977,-0.4502636,1.272507,-4724,4.754415,-2.260616,0.4419038,-3.07252,-2.260516,0.7862219,-3.034506,-1.511449,0.786222,-3.036469,-1.511549,0.4419037,-3.074482,-1.886814,0.6469836,-3.352681,1,0,0,1,0,0
196,-1.883752,-0.4785693,1.276752,-4724,4.764298,-2.260616,0.4419038,-3.07252,-2.260516,0.7862219,-3.034506,-1.511449,0.786222,-3.036469,-1.511549,0.4419037,-3.074482,-1.886814,0.6469836,-3.352681,1,0,0,1,0,0
197,-1.536497,-0.3535864,1.426503,-4724,4.895352,-2.260616,0.4419038,-3.07252,-2.260516,0.7862219,-3.034506,-1.511449,0.786222,-3.036469,-1.511549,0.4419037,-3.074482,-1.886814,0.6469836,-3.352681,1,0,0,1,0,0
198,-1.521291,-0.3852368,1.352878,-4724,4.831291,-2.260616,0.4419038,-3.07252,-2.260516,0.7862219,-3.034506,-1.511449,0.786222,-3.036469,-1.511549,0.4419037,-3.074482,-1.886814,0.6469836,-3.352681,1,0,0,1,0,0
199,-1.509504,-0.4055811,1.268212,-4724,4.754252,-2.260616,0.4419038,-3.07252,-2.260516,0.7862219,-3.034506,-1.511449,0.786222,-3.036469,-1.511549,0.4419037,-3.074482,-1.886814,0.6469836,-3.352681,1,0,0,1,0,0
200,-1.610122,-0.3852368,1.441708,-4724,4.912047,-2.260616,0.4419038,-3.07252,-2.260516,0.7862219,-3.034506,-1.511449,0.786222,-3.036469,-1.511549,0.4419037,-3.074482,-1.886814,0.6469836,-3.352681,1,0,0,1,0,0
201,-1.601057,-0.4252783,1.361943,-4724,4.843458,-2.260616,0.4419038,-3.07252,-2.260516,0.7862219,-3.034506,-1.511449,0.786222,-3.036469,-1.511549,0.4419037,-3.074482,-1.886814,0.6469836,-3.352681,1,0,0,1,0,0
202,-1.593,-0.4502636,1.272507,-4724,4.76263,-2.260616,0.4419038,-3.07252,-2.260516,0.7862219,-3.034506,-1.511449,0.786222,-3.036469,-1.511549,0.4419037,-3.074482,-1.886814,0.6469836,-3.352681,1,0,0,1,0,0
203,-1.694788,-0.4055811,1.453496,-4724,4.923831,-2.260616,0.4419038,-3.07252,-2.260516,0.7862219,-3.034506,-1.511449,0.786222,-3.036469,-1.511549,0.4419037,-3.074482,-1.886814,0.6469836,-3.352681,0,0,1,1,0,0
204,-1.690493,-0.4502636,1.37,-4724,4.852444,-2.260616,0.4419038,-3.07252,-2.260516,0.7862219,-3.034506,-1.511449,0.786222,-3.036469,-1.511549,0.4419037,-3.074482,-1.886814,0.6469836,-3.352681,1,0,0,1,0,0
205,-1.686248,-0.4785693,1.276752,-4724,4.768517,-2.260616,0.4419038,-3.07252,-2.260516,0.7862219,-3.034506,-1.511449,0.786222,-3.036469,-1.511549,0.4419037,-3.074482,-1.886814,0.6469836,-3.352681,1,0,0,1,0,0
206,-1.535764,0.3538598,0.9287641,-4724,4.305802,-2.260616,0.4419038,-3.07252,-2.260516,0.7862219,-3.034506,-1.511449,0.786222,-3.036469,-1.511549,0.4419037,-3.074482,-1.886814,0.6469836,-3.352681,1,0,0,1,0,0
207,-1.520356,0.3856372,1.002543,-4724,4.378421,-2.260616,0.4419038,-3.07252,-2.260516,0.7862219,-3.034506,-1.511449,0.786222,-3.036469,-1.511549,0.4419037,-3.074482,-1.886814,0.6469836,-3.352681,1,0,0,1,0,0
208,-1.508525,0.4060791,1.087481,-4724,4.462754,-2.260616,0.4419038,-3.07252,-2.260516,0.7862219,-3.034506,-1.511449,0.786222,-3.036469,-1.511549,0.4419037,-3.074482,-1.886814,0.6469836,-3.352681,1,0,0,1,0,0
209,-1.609543,0.3856372,0.9133564,-4724,4.28302,-2.260616,0.4419038,-3.07252,-2.260516,0.7862219,-3.034506,-1.511449,0.786222,-3.036469,-1.511549,0.4419037,-3.074482,-1.886814,0.6469836,-3.352681,1,0,0,1,0,0
210,-1.600433,0.4257813,0.9934334,-4724,4.361153,-2.260616,0.4419038,-3.07252,-2.260516,0.7862219,-3.034506,-1.511449,0.786222,-3.036469,-1.511549,0.4419037,-3.074482,-1.886814,0.6469836,-3.352681,1,0,0,1,0,0
211,-1.592364,0.4508106,1.083179,-4724,4.449948,-2.260616,0.4419038,-3.07252,-2.260516,0.7862219,-3.034506,-1.511449,0.786222,-3.036469,-1.511549,0.4419037,-3.074482,-1.886814,0.6469836,-3.352681,1,0,0,1,0,0
212,-1.694481,0.4060791,0.9015254,-4724,4.265361,-2.260616,0.4419038,-3.07252,-2.260516,0.7862219,-3.034506,-1.511449,0.786222,-3.036469,-1.511549,0.4419037,-3.074482,-1.886814,0.6469836,-3.352681,1,0,0,1,0,0
213,-1.690179,0.4508106,0.9853645,-4724,4.346929,-2.260616,0.4419038,-3.07252,-2.260516,0.7862219,-3.034506,-1.511449,0.786222,-3.036469,-1.511549,0.4419037,-3.074482,-1.886814,0.6469836,-3.352681,1,0,0,1,0,0
214,-1.685912,0.4791992,1.078912,-4724,4.439317,-2.260616,0.4419038,-3.07252,-2.260516,0.7862219,-3.034506,-1.511449,0.786222,-3.036469,-1.511549,0.4419037,-3.074482,-1.886814,0.6469836,-3.352681,1,0,0,1,0,0
215,-1.535764,0.3538598,1.427236,-4724,4.801746,-2.260616,0.4419038,-3.07252,-2.260516,0.7862219,-3.034506,-1.511449,0.786222,-3.036469,-1.511549,0.4419037,-3.074482,-1.886814,0.6469836,-3.352681,1,0,0,1,0,0
216,-1.609543,0.3856372,1.442644,-4724,4.810439,-2.260616,0.4419038,-3.07252,-2.260516,0.7862219,-3.034506,-1.511449,0.786222,-3.036469,-1.511549,0.4419037,-3.074482,-1.886814,0.6469836,-3.352681,1,0,0,1,0,0
217,-1.694481,0.4060791,1.454475,-4724,4.81703,-2.260616,0.4419038,-3.07252,-2.260516,0.7862219,-3.034506,-1.511449,0.786222,-3.036469,-1.511549,0.4419037,-3.074482,-1.886814,0.6469836,-3.352681,1,0,0,1,0,0
218,-1.520356,0.3856372,1.353456,-4724,4.727613,-2.260616,0.4419038,-3.07252,-2.260516,0.7862219,-3.034506,-1.511449,0.786222,-3.036469,-1.511549,0.4419037,-3.074482,-1.886814,0.6469836,-3.352681,1,0,0,1,0,0
219,-1.600433,0.4257813,1.362567,-4724,4.729113,-2.260616,0.4419038,-3.07252,-2.260516,0.7862219,-3.034506,-1.511449,0.786222,-3.036469,-1.511549,0.4419037,-3.074482,-1.886814,0.6469836,-3.352681,1,0,0,1,0,0
220,-1.690179,0.4508106,1.370636,-4724,4.731477,-2.260616,0.4419038,-3.07252,-2.260516,0.7862219,-3.034506,-1.511449,0.786222,-3.036469,-1.511549,0.4419037,-3.074482,-1.886814,0.6469836,-3.352681,1,0,0,1,0,0
221,-1.508525,0.4060791,1.268519,-4724,4.642912,-2.260616,0.4419038,-3.07252,-2.260516,0.7862219,-3.034506,-1.511449,0.786222,-3.036469,-1.511549,0.4419037,-3.074482,-1.886814,0.6469836,-3.352681,1,0,0,1,0,0
222,-1.592364,0.4508106,1.272821,-4724,4.639015,-2.260616,0.4419038,-3.07252,-2.260516,0.7862219,-3.034506,-1.511449,0.786222,-3.036469,-1.511549,0.4419037,-3.074482,-1.886814,0.6469836,-3.352681,1,0,0,1,0,0
223,-1.685912,0.4791992,1.277087,-4724,4.637162,-2.260616,0.4419038,-3.07252,-2.260516,0.7862219,-3.034506,-1.511449,0.786222,-3.036469,-1.511549,0.4419037,-3.074482,-1.886814,0.6469836,-3.352681,1,0,0,1,0,0
224,-2.034236,0.3538598,1.427236,-4724,4.791165,-2.260616,0.4419038,-3.07252,-2.260516,0.7862219,-3.034506,-1.511449,0.786222,-3.036469,-1.511549,0.4419037,-3.074482,-1.886814,0.6469836,-3.352681,1,0,0,1,0,0
225,-2.049644,0.3856372,1.353456,-4724,4.7162,-2.260616,0.4419038,-3.07252,-2.260516,0.7862219,-3.034506,-1.511449,0.786222,-3.036469,-1.511549,0.4419037,-3.074482,-1.886814,0.6469836,-3.352681,1,0,0,1,0,0
226,-2.061475,0.4060791,1.268519,-4724,4.630771,-2.260616,0.4419038,-3.07252,-2.260516,0.7862219,-3.034506,-1.511449,0.786222,-3.036469,-1.511549,0.4419037,-3.074482,-1.886814,0.6469836,-3.352681,1,0,0,1,0,0
227,-1.960456,0.3856372,1.442644,-4724,4.803006,-2.260616,0.4419038,-3.07252,-2.260516,0.7862219,-3.034506,-1.511449,0.786222,-3.036469,-1.511549,0.4419037,-3.074482,-1.886814,0.6469836,-3.352681,1,0,0,1,0,0
228,-1.969567,0.4257813,1.362567,-4724,4.721159,-2.260616,0.4419038,-3.07252,-2.260516,0.7862219,-3.034506,-1.511449,0.786222,-3.036469,-1.511549,0.4419037,-3.074482,-1.886814,0.6469836,-3.352681,1,0,0,1,0,0
229,-1.977636,0.4508106,1.272821,-4724,4.630551,-2.260616,0.4419038,-3.07252,-2.260516,0.7862219,-3.034506,-1.511449,0.786222,-3.036469,-1.511549,0.4419037,-3.074482,-1.886814,0.6469836,-3.352681,1,0,0,1,0,0
230,-1.875519,0.4060791,1.454475,-4724,4.813202,-2.260616,0.4419038,-3.07252,-2.260516,0.7862219,-3.034506,-1.511449,0.786222,-3.036469,-1.511549,0.4419037,-3.074482,-1.886814,0.6469836,-3.352681,1,0,0,1,0,0
231,-1.879821,0.4508106,1.370636,-4724,4.727395,-2.260616,0.4419038,-3.07252,-2.260516,0.7862219,-3.034506,-1.511449,0.786222,-3.036469,-1.511549,0.4419037,-3.074482,-1.886814,0.6469836,-3.352681,1,0,0,1,0,0
232,-1.884087,0.4791992,1.277087,-4724,4.632809,-2.260616,0.4419038,-3.07252,-2.260516,0.7862219,-3.034506,-1.511449,0.786222,-3.036469,-1.511549,0.4419037,-3.074482,-1.886814,0.6469836,-3.352681,1,0,0,1,0,0
233,-2.034236,0.3538598,0.9287641,-4724,4.293999,-2.260616,0.4419038,-3.07252,-2.260516,0.7862219,-3.034506,-1.511449,0.786222,-3.036469,-1.511549,0.4419037,-3.074482,-1.886814,0.6469836,-3.352681,1,0,0,1,0,0
234,-1.960456,0.3856372,0.9133564,-4724,4.27467,-2.260616,0.4419038,-3.07252,-2.260516,0.7862219,-3.034506,-1.511449,0.786222,-3.036469,-1.511549,0.4419037,-3.074482,-1.886814,0.6469836,-3.352681,1,0,0,1,0,0
235,-1.875519,0.4060791,0.9015254,-4724,4.261037,-2.260616,0.4419038,-3.07252,-2.260516,0.7862219,-3.034506,-1.511449,0.786222,-3.036469,-1.511549,0.4419037,-3.074482,-1.886814,0.6469836,-3.352681,1,0,0,1,0,0
236,-2.049644,0.3856372,1.002543,-4724,4.366096,-2.260616,0.4419038,-3.07252,-2.260516,0.7862219,-3.034506,-1.511449,0.786222,-3.036469,-1.511549,0.4419037,-3.074482,-1.886814,0.6469836,-3.352681,1,0,0,1,0,0
237,-1.969567,0.4257813,0.9934334,-4724,4.352527,-2.260616,0.4419038,-3.07252,-2.260516,0.7862219,-3.034506,-1.511449,0.786222,-3.036469,-1.511549,0.4419037,-3.074482,-1.886814,0.6469836,-3.352681,1,0,0,1,0,0
238,-1.879821,0.4508106,0.9853645,-4724,4.342485,-2.260616,0.4419038,-3.07252,-2.260516,0.7862219,-3.034506,-1.511449,0.786222,-3.036469,-1.511549,0.4419037,-3.074482,-1.886814,0.6469836,-3.352681,1,0,0,1,0,0
239,-2.061475,0.4060791,1.087481,-4724,4.450121,-2.260616,0.4419038,-3.07252,-2.260516,0.7862219,-3.034506,-1.511449,0.786222,-3.036469,-1.511549,0.4419037,-3.074482,-1.886814,0.6469836,-3.352681,1,0,0,1,0,0
240,-1.977636,0.4508106,1.083179,-4724,4.441124,-2.260616,0.4419038,-3.07252,-2.260516,0.7862219,-3.034506,-1.511449,0.786222,-3.036469,-1.511549,0.4419037,-3.074482,-1.886814,0.6469836,-3.352681,1,0,0,1,0,0
241,-1.884087,0.4791992,1.078912,-4724,4.43477,-2.260616,0.4419038,-3.07252,-2.260516,0.7862219,-3.034506,-1.511449,0.786222,-3.036469,-1.511549,0.4419037,-3.074482,-1.886814,0.6469836,-3.352681,1,0,0,1,0,0
242,-1.431414,-0.2485034,0.9294965,-4724,4.398447,-2.260616,0.4419038,-3.07252,-2.260516,0.7862219,-3.034506,-1.511449,0.786222,-3.036469,-1.511549,0.4419037,-3.074482,-1.886814,0.6469836,-3.352681,1,0,0,1,0,0
243,-1.399763,-0.2637085,1.003122,-4724,4.476562,-2.260616,0.4419038,-3.07252,-2.260516,0.7862219,-3.034506,-1.511449,0.786222,-3.036469,-1.511549,0.4419037,-3.074482,-1.886814,0.6469836,-3.352681,1,0,0,1,0,0
244,-1.379419,-0.2754956,1.087788,-4724,4.563571,-2.260616,0.4419038,-3.07252,-2.260516,0.7862219,-3.034506,-1.511449,0.786222,-3.036469,-1.511549,0.4419037,-3.074482,-1.886814,0.6469836,-3.352681,1,0,0,1,0,0
245,-1.399763,-0.1748791,0.9142915,-4724,4.372612,-2.260616,0.4419038,-3.07252,-2.260516,0.7862219,-3.034506,-1.511449,0.786222,-3.036469,-1.511549,0.4419037,-3.074482,-1.886814,0.6469836,-3.352681,1,0,0,1,0,0
246,-1.359722,-0.1839429,0.9940571,-4724,4.456725,-2.260616,0.4419038,-3.07252,-2.260516,0.7862219,-3.034506,-1.511449,0.786222,-3.036469,-1.511549,0.4419037,-3.074482,-1.886814,0.6469836,-3.352681,1,0,0,1,0,0
247,-1.334736,-0.1919995,1.083493,-4724,4.548441,-2.260616,0.4419038,-3.07252,-2.260516,0.7862219,-3.034506,-1.511449,0.786222,-3.036469,-1.511549,0.4419037,-3.074482,-1.886814,0.6469836,-3.352681,1,0,0,1,0,0
248,-1.379419,-0.0902124,0.9025044,-4724,4.348277,-2.260616,0.4419038,-3.07252,-2.260516,0.7862219,-3.034506,-1.511449,0.786222,-3.036469,-1.511549,0.4419037,-3.074482,-1.886814,0.6469836,-3.352681,1,0,0,1,0,0
249,-1.334736,-0.09450744,0.9860005,-4724,4.436075,-2.260616,0.4419038,-3.07252,-2.260516,0.7862219,-3.034506,-1.511449,0.786222,-3.036469,-1.511549,0.4419037,-3.074482,-1.886814,0.6469836,-3.352681,1,0,0,1,0,0
250,-1.306431,-0.09875244,1.079247,-4724,4.531551,-2.260616,0.4419038,-3.07252,-2.260516,0.7862219,-3.034506,-1.511449,0.786222,-3.036469,-1.511549,0.4419037,-3.074482,-1.886814,0.6469836,-3.352681,1,0,0,1,0,0
251,-1.431414,-0.2485034,1.426503,-4724,4.883636,-2.260616,0.4419038,-3.07252,-2.260516,0.7862219,-3.034506,-1.511449,0.786222,-3.036469,-1.511549,0.4419037,-3.074482,-1.886814,0.6469836,-3.352681,1,0,0,1,0,0
252,-1.399763,-0.1748791,1.441708,-4724,4.888645,-2.260616,0.4419038,-3.07252,-2.260516,0.7862219,-3.034506,-1.511449,0.786222,-3.036469,-1.511549,0.4419037,-3.074482,-1.886814,0.6469836,-3.352681,1,0,0,1,0,0
253,-1.379419,-0.0902124,1.453496,-4724,4.888788,-2.260616,0.4419038,-3.07252,-2.260516,0.7862219,-3.034506,-1.511449,0.786222,-3.036469,-1.511549,0.4419037,-3.074482,-1.886814,0.6469836,-3.352681,1,0,0,1,0,0
254,-1.399763,-0.2637085,1.352878,-4724,4.817558,-2.260616,0.4419038,-3.07252,-2.260516,0.7862219,-3.034506,-1.511449,0.786222,-3.036469,-1.511549,0.4419037,-3.074482,-1.886814,0.6469836,-3.352681,1,0,0,1,0,0
255,-1.359722,-0.1839429,1.361943,-4724,4.816217,-2.260616,0.4419038,-3.07252,-2.260516,0.7862219,-3.034506,-1.511449,0.786222,-3.036469,-1.511549,0.4419037,-3.074482,-1.886814,0.6469836,-3.352681,1,0,0,1,0,0
256,-1.334736,-0.09450744,1.37,-4724,4.812309,-2.260616,0.4419038,-3.07252,-2.260516,0.7862219,-3.034506,-1.511449,0.786222,-3.036469,-1.511549,0.4419037,-3.074482,-1.886814,0.6469836,-3.352681,1,0,0,1,0,0
257,-1.379419,-0.2754956,1.268212,-4724,4.739312,-2.260616,0.4419038,-3.07252,-2.260516,0.7862219,-3.034506,-1.511449,0.786222,-3.036469,-1.511549,0.4419037,-3.074482,-1.886814,0.6469836,-3.352681,1,0,0,1,0,0
258,-1.334736,-0.1919995,1.272507,-4724,4.732975,-2.260616,0.4419038,-3.07252,-2.260516,0.7862219,-3.034506,-1.511449,0.786222,-3.036469,-1.511549,0.4419037,-3.074482,-1.886814,0.6469836,-3.352681,1,0,0,1,0,0
259,-1.306431,-0.09875244,1.276752,-4724,4.724894,-2.260616,0.4419038,-3.07252,-2.260516,0.7862219,-3.034506,-1.511449,0.786222,-3.036469,-1.511549,0.4419037,-3.074482,-1.886814,0.6469836,-3.352681,1,0,0,1,0,0
260,-1.430249,0.2485034,1.427236,-4724,4.818179,-2.260616,0.4419038,-3.07252,-2.260516,0.7862219,-3.034506,-1.511449,0.786222,-3.036469,-1.511549,0.4419037,-3.074482,-1.886814,0.6469836,-3.352681,1,0,0,1,0,0
261,-1.398491,0.2637475,1.353456,-4724,4.7469,-2.260616,0.4419038,-3.07252,-2.260516,0.7862219,-3.034506,-1.511449,0.786222,-3.036469,-1.511549,0.4419037,-3.074482,-1.886814,0.6469836,-3.352681,1,0,0,1,0,0
262,-1.378032,0.2755518,1.268519,-4724,4.663938,-2.260616,0.4419038,-3.07252,-2.260516,0.7862219,-3.034506,-1.511449,0.786222,-3.036469,-1.511549,0.4419037,-3.074482,-1.886814,0.6469836,-3.352681,1,0,0,1,0,0
263,-1.398491,0.1746521,1.442644,-4724,4.843211,-2.260616,0.4419038,-3.07252,-2.260516,0.7862219,-3.034506,-1.511449,0.786222,-3.036469,-1.511549,0.4419037,-3.074482,-1.886814,0.6469836,-3.352681,1,0,0,1,0,0
264,-1.358496,0.1837427,1.362567,-4724,4.767313,-2.260616,0.4419038,-3.07252,-2.260516,0.7862219,-3.034506,-1.511449,0.786222,-3.036469,-1.511549,0.4419037,-3.074482,-1.886814,0.6469836,-3.352681,1,0,0,1,0,0
265,-1.333447,0.191842,1.272821,-4724,4.680667,-2.260616,0.4419038,-3.07252,-2.260516,0.7862219,-3.034506,-1.511449,0.786222,-3.036469,-1.511549,0.4419037,-3.074482,-1.886814,0.6469836,-3.352681,1,0,0,1,0,0
266,-1.378032,0.08967713,1.454475,-4724,4.866025,-2.260616,0.4419038,-3.07252,-2.260516,0.7862219,-3.034506,-1.511449,0.786222,-3.036469,-1.511549,0.4419037,-3.074482,-1.886814,0.6469836,-3.352681,1,0,0,1,0,0
267,-1.333447,0.09398254,1.370636,-4724,4.787666,-2.260616,0.4419038,-3.07252,-2.260516,0.7862219,-3.034506,-1.511449,0.786222,-3.036469,-1.511549,0.4419037,-3.074482,-1.886814,0.6469836,-3.352681,1,0,0,1,0,0
268,-1.305044,0.09823791,1.277087,-4724,4.698333,-2.260616,0.4419038,-3.07252,-2.260516,0.7862219,-3.034506,-1.511449,0.786222,-3.036469,-1.511549,0.4419037,-3.074482,-1.886814,0.6469836,-3.352681,1,0,0,1,0,0
269,-1.430249,0.2485034,0.9287641,-4724,4.32412,-2.260616,0.4419038,-3.07252,-2.260516,0.7862219,-3.034506,-1.511449,0.786222,-3.036469,-1.511549,0.4419037,-3.074482,-1.886814,0.6469836,-3.352681,1,0,0,1,0,0
270,-1.398491,0.1746521,0.9133564,-4724,4.319796,-2.260616,0.4419038,-3.07252,-2.260516,0.7862219,-3.034506,-1.511449,0.786222,-3.036469,-1.511549,0.4419037,-3.074482,-1.886814,0.6469836,-3.352681,1,0,0,1,0,0
271,-1.378032,0.08967713,0.9015254,-4724,4.320616,-2.260616,0.4419038,-3.07252,-2.260516,0.7862219,-3.034506,-1.511449,0.786222,-3.036469,-1.511549,0.4419037,-3.074482,-1.886814,0.6469836,-3.352681,1,0,0,1,0,0
272,-1.398491,0.2637475,1.002543,-4724,4.39924,-2.260616,0.4419038,-3.07252,-2.260516,0.7862219,-3.034506,-1.511449,0.786222,-3.036469,-1.511549,0.4419037,-3.074482,-1.886814,0.6469836,-3.352681,1,0,0,1,0,0
273,-1.358496,0.1837427,0.9934334,-4724,4.402547,-2.260616,0.4419038,-3.07252,-2.260516,0.7862219,-3.034506,-1.511449,0.786222,-3.036469,-1.511549,0.4419037,-3.074482,-1.886814,0.6469836,-3.352681,1,0,0,1,0,0
274,-1.333447,0.09398254,0.9853645,-4724,4.408023,-2.260616,0.4419038,-3.07252,-2.260516,0.7862219,-3.034506,-1.511449,0.786222,-3.036469,-1.511549,0.4419037,-3.074482,-1.886814,0.6469836,-3.352681,1,0,0,1,0,0
275,-1.378032,0.2755518,1.087481,-4724,4.484625,-2.260616,0.4419038,-3.07252,-2.260516,0.7862219,-3.034506,-1.511449,0.786222,-3.036469,-1.511549,0.4419037,-3.074482,-1.886814,0.6469836,-3.352681,1,0,0,1,0,0
276,-1.333447,0.191842,1.083179,-4724,4.493353,-2.260616,0.4419038,-3.07252,-2.260516,0.7862219,-3.034506,-1.511449,0.786222,-3.036469,-1.511549,0.4419037,-3.074482,-1.886814,0.6469836,-3.352681,1,0,0,1,0,0
277,-1.305044,0.09823791,1.078912,-4724,4.503177,-2.260616,0.4419038,-3.07252,-2.260516,0.7862219,-3.034506,-1.511449,0.786222,-3.036469,-1.511549,0.4419037,-3.074482,-1.886814,0.6469836,-3.352681,1,0,0,1,0,0
278,-1.536497,-0.2485034,1.531586,-4724,4.978021,-2.260616,0.4419038,-3.07252,-2.260516,0.7862219,-3.034506,-1.511449,0.786222,-3.036469,-1.511549,0.4419037,-3.074482,-1.886814,0.6469836,-3.352681,0,0,1,0,0,0
279,-1.610121,-0.2637085,1.563237,-4724,5.007212,-2.260616,0.4419038,-3.07252,-2.260516,0.7862219,-3.034506,-1.511449,0.786222,-3.036469,-1.511549,0.4419037,-3.074482,-1.886814,0.6469836,-3.352681,0,0,1,0,0,0
280,-1.694788,-0.2754956,1.583581,-4724,5.025388,-2.260616,0.4419038,-3.07252,-2.260516,0.7862219,-3.034506,-1.511449,0.786222,-3.036469,-1.511549,0.4419037,-3.074482,-1.886814,0.6469836,-3.352681,0,0,1,0,1,0
281,-1.521291,-0.1748791,1.563237,-4724,4.997531,-2.260616,0.4419038,-3.07252,-2.260516,0.7862219,-3.034506,-1.511449,0.786222,-3.036469,-1.511549,0.4419037,-3.074482,-1.886814,0.6469836,-3.352681,0,0,1,0,1,0
282,-1.601057,-0.1839429,1.603278,-4724,5.033253,-2.260616,0.4419038,-3.07252,-2.260516,0.7862219,-3.034506,-1.511449,0.786222,-3.036469,-1.511549,0.4419037,-3.074482,-1.886814,0.6469836,-3.352681,0,0,1,0,1,0
283,-1.690493,-0.1919995,1.628264,-4724,5.054923,-2.260616,0.4419038,-3.07252,-2.260516,0.7862219,-3.034506,-1.511449,0.786222,-3.036469,-1.511549,0.4419037,-3.074482,-1.886814,0.6469836,-3.352681,0,0,1,0,1,0
284,-1.509504,-0.0902124,1.583581,-4724,5.005248,-2.260616,0.4419038,-3.07252,-2.260516,0.7862219,-3.034506,-1.511449,0.786222,-3.036469,-1.511549,0.4419037,-3.074482,-1.886814,0.6469836,-3.352681,0,0,1,1,0,0
285,-1.593,-0.09450744,1.628264,-4724,5.044398,-2.260616,0.4419038,-3.07252,-2.260516,0.7862219,-3.034506,-1.511449,0.786222,-3.036469,-1.511549,0.4419037,-3.074482,-1.886814,0.6469836,-3.352681,0,0,1,1,1,0
286,-1.686248,-0.09875244,1.656569,-4724,5.068426,-2.260616,0.4419038,-3.07252,-2.260516,0.7862219,-3.034506,-1.511449,0.786222,-3.036469,-1.511549,0.4419037,-3.074482,-1.886814,0.6469836,-3.352681,0,0,1,0,1,0
287,-2.033503,-0.2485034,1.531586,-4724,4.967845,-2.260616,0.4419038,-3.07252,-2.260516,0.7862219,-3.034506,-1.511449,0.786222,-3.036469,-1.511549,0.4419037,-3.074482,-1.886814,0.6469836,-3.352681,0,0,1,0,1,0
288,-2.048708,-0.1748779,1.563237,-4724,4.986774,-2.260616,0.4419038,-3.07252,-2.260516,0.7862219,-3.034506,-1.511449,0.786222,-3.036469,-1.511549,0.4419037,-3.074482,-1.886814,0.6469836,-3.352681,0,0,1,0,1,0
289,-2.060496,-0.0902124,1.583581,-4724,4.994027,-2.260616,0.4419038,-3.07252,-2.260516,0.7862219,-3.034506,-1.511449,0.786222,-3.036469,-1.511549,0.4419037,-3.074482,-1.886814,0.6469836,-3.352681,0,0,1,0,1,0
290,-1.959878,-0.2637085,1.563237,-4724,5.000095,-2.260616,0.4419038,-3.07252,-2.260516,0.7862219,-3.034506,-1.511449,0.786222,-3.036469,-1.511549,0.4419037,-3.074482,-1.886814,0.6469836,-3.352681,0,0,1,0,1,0
291,-1.968943,-0.1839429,1.603278,-4724,5.025805,-2.260616,0.4419038,-3.07252,-2.260516,0.7862219,-3.034506,-1.511449,0.786222,-3.036469,-1.511549,0.4419037,-3.074482,-1.886814,0.6469836,-3.352681,0,0,1,0,1,0
292,-1.977,-0.09450744,1.628264,-4724,5.036642,-2.260616,0.4419038,-3.07252,-2.260516,0.7862219,-3.034506,-1.511449,0.786222,-3.036469,-1.511549,0.4419037,-3.074482,-1.886814,0.6469836,-3.352681,0,0,1,0,1,0
293,-1.875212,-0.2754956,1.583581,-4724,5.021731,-2.260616,0.4419038,-3.07252,-2.260516,0.7862219,-3.034506,-1.511449,0.786222,-3.036469,-1.511549,0.4419037,-3.074482,-1.886814,0.6469836,-3.352681,0,0,1,0,1,0
294,-1.879507,-0.1919995,1.628264,-4724,5.051115,-2.260616,0.4419038,-3.07252,-2.260516,0.7862219,-3.034506,-1.511449,0.786222,-3.036469,-1.511549,0.4419037,-3.074482,-1.886814,0.6469836,-3.352681,0,0,1,0,1,0
295,-1.883752,-0.09875244,1.656569,-4724,5.064457,-2.260616,0.4419038,-3.07252,-2.260516,0.7862219,-3.034506,-1.511449,0.786222,-3.036469,-1.511549,0.4419037,-3.074482,-1.886814,0.6469836,-3.352681,0,0,1,0,1,0
296,-2.034236,0.2485034,1.532751,-4724,4.903873,-2.260616,0.4419038,-3.07252,-2.260516,0.7862219,-3.034506,-1.511449,0.786222,-3.036469,-1.511549,0.4419037,-3.074482,-1.886814,0.6469836,-3.352681,0,0,1,1,0,0
297,-1.960456,0.2637475,1.564509,-4724,4.932652,-2.260616,0.4419038,-3.07252,-2.260516,0.7862219,-3.034506,-1.511449,0.786222,-3.036469,-1.511549,0.4419037,-3.074482,-1.886814,0.6469836,-3.352681,0,0,1,1,0,0
298,-1.875519,0.2755518,1.584968,-4724,4.951613,-2.260616,0.4419038,-3.07252,-2.260516,0.7862219,-3.034506,-1.511449,0.786222,-3.036469,-1.511549,0.4419037,-3.074482,-1.886814,0.6469836,-3.352681,0,0,1,1,0,0
299,-2.049644,0.1746533,1.564509,-4724,4.942506,-2.260616,0.4419038,-3.07252,-2.260516,0.7862219,-3.034506,-1.511449,0.786222,-3.036469,-1.511549,0.4419037,-3.074482,-1.886814,0.6469836,-3.352681,0,0,1,0,1,0
300,-1.969567,0.1837427,1.604504,-4724,4.97947,-2.260616,0.4419038,-3.07252,-2.260516,0.7862219,-3.034506,-1.511449,0.786222,-3.036469,-1.511549,0.4419037,-3.074482,-1.886814,0.6469836,-3.352681,0,0,1,0,1,0
301,-1.879821,0.191842,1.629553,-4724,5.002985,-2.260616,0.4419038,-3.07252,-2.260516,0.7862219,-3.034506,-1.511449,0.786222,-3.036469,-1.511549,0.4419037,-3.074482,-1.886814,0.6469836,-3.352681,0,0,1,0,1,0
302,-2.061475,0.08967713,1.584968,-4724,4.97207,-2.260616,0.4419038,-3.07252,-2.260516,0.7862219,-3.034506,-1.511449,0.786222,-3.036469,-1.511549,0.4419037,-3.074482,-1.886814,0.6469836,-3.352681,0,0,1,0,1,0
303,-1.977636,0.09398254,1.629553,-4724,5.013653,-2.260616,0.4419038,-3.07252,-2.260516,0.7862219,-3.034506,-1.511449,0.786222,-3.036469,-1.511549,0.4419037,-3.074482,-1.886814,0.6469836,-3.352681,0,0,1,0,1,0
304,-1.884087,0.09823791,1.657956,-4724,5.040596,-2.260616,0.4419038,-3.07252,-2.260516,0.7862219,-3.034506,-1.511449,0.786222,-3.036469,-1.511549,0.4419037,-3.074482,-1.886814,0.6469836,-3.352681,0,0,1,0,1,0
305,-1.535764,0.2485034,1.532751,-4724,4.914211,-2.260616,0.4419038,-3.07252,-2.260516,0.7862219,-3.034506,-1.511449,0.786222,-3.036469,-1.511549,0.4419037,-3.074482,-1.886814,0.6469836,-3.352681,0,0,1,1,0,0
306,-1.520356,0.1746533,1.564509,-4724,4.953397,-2.260616,0.4419038,-3.07252,-2.260516,0.7862219,-3.034506,-1.511449,0.786222,-3.036469,-1.511549,0.4419037,-3.074482,-1.886814,0.6469836,-3.352681,0,0,1,1,0,0
307,-1.508525,0.08967713,1.584968,-4724,4.98338,-2.260616,0.4419038,-3.07252,-2.260516,0.7862219,-3.034506,-1.511449,0.786222,-3.036469,-1.511549,0.4419037,-3.074482,-1.886814,0.6469836,-3.352681,0,0,1,0,0,0
308,-1.609543,0.2637475,1.564509,-4724,4.939889,-2.260616,0.4419038,-3.07252,-2.260516,0.7862219,-3.034506,-1.511449,0.786222,-3.036469,-1.511549,0.4419037,-3.074482,-1.886814,0.6469836,-3.352681,0,0,1,1,0,0
309,-1.600433,0.1837427,1.604504,-4724,4.987012,-2.260616,0.4419038,-3.07252,-2.260516,0.7862219,-3.034506,-1.511449,0.786222,-3.036469,-1.511549,0.4419037,-3.074482,-1.886814,0.6469836,-3.352681,0,0,1,1,0,0
310,-1.592364,0.09398254,1.629553,-4724,5.021471,-2.260616,0.4419038,-3.07252,-2.260516,0.7862219,-3.034506,-1.511449,0.786222,-3.036469,-1.511549,0.4419037,-3.074482,-1.886814,0.6469836,-3.352681,0,0,1,0,1,0
311,-1.694481,0.2755518,1.584968,-4724,4.955334,-2.260616,0.4419038,-3.07252,-2.260516,0.7862219,-3.034506,-1.511449,0.786222,-3.036469,-1.511549,0.4419037,-3.074482,-1.886814,0.6469836,-3.352681,0,0,1,0,0,0
312,-1.690179,0.191842,1.629553,-4724,5.006843,-2.260616,0.4419038,-3.07252,-2.260516,0.7862219,-3.034506,-1.511449,0.786222,-3.036469,-1.511549,0.4419037,-3.074482,-1.886814,0.6469836,-3.352681,0,0,1,0,1,0
313,-1.685912,0.09823791,1.657956,-4724,5.044598,-2.260616,0.4419038,-3.07252,-2.260516,0.7862219,-3.034506,-1.511449,0.786222,-3.036469,-1.511549,0.4419037,-3.074482,-1.886814,0.6469836,-3.352681,0,0,1,0,1,0
314,-2.138586,-0.2485034,1.426503,-4724,4.86887,-2.260616,0.4419038,-3.07252,-2.260516,0.7862219,-3.034506,-1.511449,0.786222,-3.036469,-1.511549,0.4419037,-3.074482,-1.886814,0.6469836,-3.352681,1,0,0,1,0,0
315,-2.170237,-0.2637085,1.352879,-4724,4.801249,-2.260616,0.4419038,-3.07252,-2.260516,0.7862219,-3.034506,-1.511449,0.786222,-3.036469,-1.511549,0.4419037,-3.074482,-1.886814,0.6469836,-3.352681,1,0,0,1,0,0
316,-2.190581,-0.2754956,1.268212,-4724,4.721853,-2.260616,0.4419038,-3.07252,-2.260516,0.7862219,-3.034506,-1.511449,0.786222,-3.036469,-1.511549,0.4419037,-3.074482,-1.886814,0.6469836,-3.352681,1,0,0,1,0,0
317,-2.170237,-0.1748779,1.441708,-4724,4.872572,-2.260616,0.4419038,-3.07252,-2.260516,0.7862219,-3.034506,-1.511449,0.786222,-3.036469,-1.511549,0.4419037,-3.074482,-1.886814,0.6469836,-3.352681,1,0,0,1,0,0
318,-2.210278,-0.1839429,1.361943,-4724,4.798203,-2.260616,0.4419038,-3.07252,-2.260516,0.7862219,-3.034506,-1.511449,0.786222,-3.036469,-1.511549,0.4419037,-3.074482,-1.886814,0.6469836,-3.352681,1,0,0,1,0,0
319,-2.235264,-0.1919995,1.272507,-4724,4.713563,-2.260616,0.4419038,-3.07252,-2.260516,0.7862219,-3.034506,-1.511449,0.786222,-3.036469,-1.511549,0.4419037,-3.074482,-1.886814,0.6469836,-3.352681,1,0,0,1,0,0
320,-2.190581,-0.0902124,1.453496,-4724,4.871865,-2.260616,0.4419038,-3.07252,-2.260516,0.7862219,-3.034506,-1.511449,0.786222,-3.036469,-1.511549,0.4419037,-3.074482,-1.886814,0.6469836,-3.352681,1,0,0,1,0,0
321,-2.235264,-0.09450744,1.37,-4724,4.793219,-2.260616,0.4419038,-3.07252,-2.260516,0.7862219,-3.034506,-1.511449,0.786222,-3.036469,-1.511549,0.4419037,-3.074482,-1.886814,0.6469836,-3.352681,1,0,0,1,0,0
322,-2.263569,-0.09875244,1.276752,-4724,4.704224,-2.260616,0.4419038,-3.07252,-2.260516,0.7862219,-3.034506,-1.511449,0.786222,-3.036469,-1.511549,0.4419037,-3.074482,-1.886814,0.6469836,-3.352681,1,0,0,1,0,0
323,-2.138586,-0.2485034,0.9294965,-4724,4.382047,-2.260616,0.4419038,-3.07252,-2.260516,0.7862219,-3.034506,-1.511449,0.786222,-3.036469,-1.511549,0.4419037,-3.074482,-1.886814,0.6469836,-3.352681,1,0,0,1,0,0
324,-2.170237,-0.1748779,0.9142915,-4724,4.354635,-2.260616,0.4419038,-3.07252,-2.260516,0.7862219,-3.034506,-1.511449,0.786222,-3.036469,-1.511549,0.4419037,-3.074482,-1.886814,0.6469836,-3.352681,1,0,0,1,0,0
325,-2.190581,-0.0902124,0.9025044,-4724,4.329242,-2.260616,0.4419038,-3.07252,-2.260516,0.7862219,-3.034506,-1.511449,0.786222,-3.036469,-1.511549,0.4419037,-3.074482,-1.886814,0.6469836,-3.352681,1,0,0,1,0,0
326,-2.170237,-0.2637085,1.003122,-4724,4.459003,-2.260616,0.4419038,-3.07252,-2.260516,0.7862219,-3.034506,-1.511449,0.786222,-3.036469,-1.511549,0.4419037,-3.074482,-1.886814,0.6469836,-3.352681,1,0,0,1,0,0
327,-2.210278,-0.1839429,0.9940571,-4724,4.437252,-2.260616,0.4419038,-3.07252,-2.260516,0.7862219,-3.034506,-1.511449,0.786222,-3.036469,-1.511549,0.4419037,-3.074482,-1.886814,0.6469836,-3.352681,1,0,0,1,0,0
328,-2.235264,-0.09450744,0.9860005,-4724,4.415358,-2.260616,0.4419038,-3.07252,-2.260516,0.7862219,-3.034506,-1.511449,0.786222,-3.036469,-1.511549,0.4419037,-3.074482,-1.886814,0.6469836,-3.352681,1,0,0,1,0,0
329,-2.190581,-0.2754956,1.087788,-4724,4.545438,-2.260616,0.4419038,-3.07252,-2.260516,0.7862219,-3.034506,-1.511449,0.786222,-3.036469,-1.511549,0.4419037,-3.074482,-1.886814,0.6469836,-3.352681,1,0,0,1,0,0
330,-2.235264,-0.1919995,1.083493,-4724,4.528239,-2.260616,0.4419038,-3.07252,-2.260516,0.7862219,-3.034506,-1.511449,0.786222,-3.036469,-1.511549,0.4419037,-3.074482,-1.886814,0.6469836,-3.352681,1,0,0,1,0,0
331,-2.263569,-0.09875244,1.079247,-4724,4.509995,-2.260616,0.4419038,-3.07252,-2.260516,0.7862219,-3.034506,-1.511449,0.786222,-3.036469,-1.511549,0.4419037,-3.074482,-1.886814,0.6469836,-3.352681,1,0,0,1,0,0
332,-2.139751,0.2485034,0.9287641,-4724,4.307382,-2.260616,0.4419038,-3.07252,-2.260516,0.7862219,-3.034506,-1.511449,0.786222,-3.036469,-1.511549,0.4419037,-3.074482,-1.886814,0.6469836,-3.352681,1,0,0,1,0,0
333,-2.171509,0.2637475,1.002543,-4724,4.381313,-2.260616,0.4419038,-3.07252,-2.260516,0.7862219,-3.034506,-1.511449,0.786222,-3.036469,-1.511549,0.4419037,-3.074482,-1.886814,0.6469836,-3.352681,1,0,0,1,0,0
334,-2.191968,0.2755518,1.087481,-4724,4.466107,-2.260616,0.4419038,-3.07252,-2.260516,0.7862219,-3.034506,-1.511449,0.786222,-3.036469,-1.511549,0.4419037,-3.074482,-1.886814,0.6469836,-3.352681,1,0,0,1,0,0
335,-2.171509,0.1746533,0.9133564,-4724,4.301538,-2.260616,0.4419038,-3.07252,-2.260516,0.7862219,-3.034506,-1.511449,0.786222,-3.036469,-1.511549,0.4419037,-3.074482,-1.886814,0.6469836,-3.352681,1,0,0,1,0,0
336,-2.211504,0.1837427,0.9934334,-4724,4.382776,-2.260616,0.4419038,-3.07252,-2.260516,0.7862219,-3.034506,-1.511449,0.786222,-3.036469,-1.511549,0.4419037,-3.074482,-1.886814,0.6469836,-3.352681,1,0,0,1,0,0
337,-2.236553,0.191842,1.083179,-4724,4.472843,-2.260616,0.4419038,-3.07252,-2.260516,0.7862219,-3.034506,-1.511449,0.786222,-3.036469,-1.511549,0.4419037,-3.074482,-1.886814,0.6469836,-3.352681,1,0,0,1,0,0
338,-2.191968,0.08967713,0.9015254,-4724,4.301393,-2.260616,0.4419038,-3.07252,-2.260516,0.7862219,-3.034506,-1.511449,0.786222,-3.036469,-1.511549,0.4419037,-3.074482,-1.886814,0.6469836,-3.352681,1,0,0,1,0,0
339,-2.236553,0.09398254,0.9853645,-4724,4.387114,-2.260616,0.4419038,-3.07252,-2.260516,0.7862219,-3.034506,-1.511449,0.786222,-3.036469,-1.511549,0.4419037,-3.074482,-1.886814,0.6469836,-3.352681,1,0,0,1,0,0
340,-2.264956,0.09823791,1.078912,-4724,4.481421,-2.260616,0.4419038,-3.07252,-2.260516,0.7862219,-3.034506,-1.511449,0.786222,-3.036469,-1.511549,0.4419037,-3.074482,-1.886814,0.6469836,-3.352681,1,0,0,1,0,0
341,-2.139751,0.2485034,1.427236,-4724,4.803163,-2.260616,0.4419038,-3.07252,-2.260516,0.7862219,-3.034506,-1.511449,0.786222,-3.036469,-1.511549,0.4419037,-3.074482,-1.886814,0.6469836,-3.352681,1,0,0,1,0,0
342,-2.171509,0.1746533,1.442644,-4724,4.826933,-2.260616,0.4419038,-3.07252,-2.260516,0.7862219,-3.034506,-1.511449,0.786222,-3.036469,-1.511549,0.4419037,-3.074482,-1.886814,0.6469836,-3.352681,1,0,0,1,0,0
343,-2.191968,0.08967713,1.454475,-4724,4.848965,-2.260616,0.4419038,-3.07252,-2.260516,0.7862219,-3.034506,-1.511449,0.786222,-3.036469,-1.511549,0.4419037,-3.074482,-1.886814,0.6469836,-3.352681,1,0,0,1,0,0
344,-2.171509,0.2637475,1.353456,-4724,4.730291,-2.260616,0.4419038,-3.07252,-2.260516,0.7862219,-3.034506,-1.511449,0.786222,-3.036469,-1.511549,0.4419037,-3.074482,-1.886814,0.6469836,-3.352681,1,0,0,1,0,0
345,-2.211504,0.1837427,1.362567,-4724,4.749061,-2.260616,0.4419038,-3.07252,-2.260516,0.7862219,-3.034506,-1.511449,0.786222,-3.036469,-1.511549,0.4419037,-3.074482,-1.886814,0.6469836,-3.352681,1,0,0,1,0,0
346,-2.236553,0.09398254,1.370636,-4724,4.768423,-2.260616,0.4419038,-3.07252,-2.260516,0.7862219,-3.034506,-1.511449,0.786222,-3.036469,-1.511549,0.4419037,-3.074482,-1.886814,0.6469836,-3.352681,1,0,0,1,0,0
347,-2.191968,0.2755518,1.268519,-4724,4.646135,-2.260616,0.4419038,-3.07252,-2.260516,0.7862219,-3.034506,-1.511449,0.786222,-3.036469,-1.511549,0.4419037,-3.074482,-1.886814,0.6469836,-3.352681,1,0,0,1,0,0
348,-2.236553,0.191842,1.272821,-4724,4.660981,-2.260616,0.4419038,-3.07252,-2.260516,0.7862219,-3.034506,-1.511449,0.786222,-3.036469,-1.511549,0.4419037,-3.074482,-1.886814,0.6469836,-3.352681,1,0,0,1,0,0
349,-2.264956,0.09823791,1.277087,-4724,4.677486,-2.260616,0.4419038,-3.07252,-2.260516,0.7862219,-3.034506,-1.511449,0.786222,-3.036469,-1.511549,0.4419037,-3.074482,-1.886814,0.6469836,-3.352681,1,0,0,1,0,0
350,-2.033503,-0.2485034,0.8244135,-4724,4.274522,-2.260616,0.4419038,-3.07252,-2.260516,0.7862219,-3.034506,-1.511449,0.786222,-3.036469,-1.511549,0.4419037,-3.074482,-1.886814,0.6469836,-3.352681,1,0,0,1,0,0
351,-1.959879,-0.2637085,0.7927632,-4724,4.244927,-2.260616,0.4419038,-3.07252,-2.260516,0.7862219,-3.034506,-1.511449,0.786222,-3.036469,-1.511549,0.4419037,-3.074482,-1.886814,0.6469836,-3.352681,1,0,0,1,0,0
352,-1.875212,-0.2754956,0.7724189,-4724,4.227003,-2.260616,0.4419038,-3.07252,-2.260516,0.7862219,-3.034506,-1.511449,0.786222,-3.036469,-1.511549,0.4419037,-3.074482,-1.886814,0.6469836,-3.352681,1,0,0,1,0,0
353,-2.048708,-0.1748779,0.7927632,-4724,4.229228,-2.260616,0.4419038,-3.07252,-2.260516,0.7862219,-3.034506,-1.511449,0.786222,-3.036469,-1.511549,0.4419037,-3.074482,-1.886814,0.6469836,-3.352681,1,0,0,1,0,0
354,-1.968943,-0.1839429,0.7527217,-4724,4.189453,-2.260616,0.4419038,-3.07252,-2.260516,0.7862219,-3.034506,-1.511449,0.786222,-3.036469,-1.511549,0.4419037,-3.074482,-1.886814,0.6469836,-3.352681,1,0,0,1,0,0
355,-1.879507,-0.1919995,0.7277364,-4724,4.165784,-2.260616,0.4419038,-3.07252,-2.260516,0.7862219,-3.034506,-1.511449,0.786222,-3.036469,-1.511549,0.4419037,-3.074482,-1.886814,0.6469836,-3.352681,1,0,0,1,0,0
356,-2.060496,-0.0902124,0.7724189,-4724,4.194052,-2.260616,0.4419038,-3.07252,-2.260516,0.7862219,-3.034506,-1.511449,0.786222,-3.036469,-1.511549,0.4419037,-3.074482,-1.886814,0.6469836,-3.352681,1,0,0,1,0,0
357,-1.977,-0.09450744,0.7277364,-4724,4.148222,-2.260616,0.4419038,-3.07252,-2.260516,0.7862219,-3.034506,-1.511449,0.786222,-3.036469,-1.511549,0.4419037,-3.074482,-1.886814,0.6469836,-3.352681,1,0,0,1,0,0
358,-1.883752,-0.09875244,0.6994306,-4724,4.120163,-2.260616,0.4419038,-3.07252,-2.260516,0.7862219,-3.034506,-1.511449,0.786222,-3.036469,-1.511549,0.4419037,-3.074482,-1.886814,0.6469836,-3.352681,1,0,0,1,0,0
359,-1.536497,-0.2485034,0.8244135,-4724,4.286344,-2.260616,0.4419038,-3.07252,-2.260516,0.7862219,-3.034506,-1.511449,0.786222,-3.036469,-1.511549,0.4419037,-3.074482,-1.886814,0.6469836,-3.352681,1,0,0,1,0,0
360,-1.521291,-0.1748791,0.7927632,-4724,4.241907,-2.260616,0.4419038,-3.07252,-2.260516,0.7862219,-3.034506,-1.511449,0.786222,-3.036469,-1.511549,0.4419037,-3.074482,-1.886814,0.6469836,-3.352681,1,0,0,1,0,0
361,-1.509504,-0.0902124,0.7724189,-4724,4.207407,-2.260616,0.4419038,-3.07252,-2.260516,0.7862219,-3.034506,-1.511449,0.786222,-3.036469,-1.511549,0.4419037,-3.074482,-1.886814,0.6469836,-3.352681,1,0,0,1,0,0
362,-1.610122,-0.2637085,0.7927632,-4724,4.253308,-2.260616,0.4419038,-3.07252,-2.260516,0.7862219,-3.034506,-1.511449,0.786222,-3.036469,-1.511549,0.4419037,-3.074482,-1.886814,0.6469836,-3.352681,1,0,0,1,0,0
363,-1.601057,-0.1839429,0.7527217,-4724,4.198384,-2.260616,0.4419038,-3.07252,-2.260516,0.7862219,-3.034506,-1.511449,0.786222,-3.036469,-1.511549,0.4419037,-3.074482,-1.886814,0.6469836,-3.352681,1,0,0,1,0,0
364,-1.593,-0.09450744,0.7277364,-4724,4.157637,-2.260616,0.4419038,-3.07252,-2.260516,0.7862219,-3.034506,-1.511449,0.786222,-3.036469,-1.511549,0.4419037,-3.074482,-1.886814,0.6469836,-3.352681,1,0,0,1,0,0
365,-1.694788,-0.2754956,0.7724189,-4724,4.231347,-2.260616,0.4419038,-3.07252,-2.260516,0.7862219,-3.034506,-1.511449,0.786222,-3.036469,-1.511549,0.4419037,-3.074482,-1.886814,0.6469836,-3.352681,1,0,0,1,0,0
366,-1.690493,-0.1919995,0.7277364,-4724,4.170401,-2.260616,0.4419038,-3.07252,-2.260516,0.7862219,-3.034506,-1.511449,0.786222,-3.036469,-1.511549,0.4419037,-3.074482,-1.886814,0.6469836,-3.352681,1,0,0,1,0,0
367,-1.686248,-0.09875244,0.6994306,-4724,4.125041,-2.260616,0.4419038,-3.07252,-2.260516,0.7862219,-3.034506,-1.511449,0.786222,-3.036469,-1.511549,0.4419037,-3.074482,-1.886814,0.6469836,-3.352681,1,0,0,1,0,0
368,-1.535764,0.2485034,0.823249,-4724,4.209563,-2.260616,0.4419038,-3.07252,-2.260516,0.7862219,-3.034506,-1.511449,0.786222,-3.036469,-1.511549,0.4419037,-3.074482,-1.886814,0.6469836,-3.352681,1,0,0,1,0,0
369,-1.609543,0.2637475,0.7914912,-4724,4.171081,-2.260616,0.4419038,-3.07252,-2.260516,0.7862219,-3.034506,-1.511449,0.786222,-3.036469,-1.511549,0.4419037,-3.074482,-1.886814,0.6469836,-3.352681,1,0,0,1,0,0
370,-1.694481,0.2755518,0.7710322,-4724,4.144872,-2.260616,0.4419038,-3.07252,-2.260516,0.7862219,-3.034506,-1.511449,0.786222,-3.036469,-1.511549,0.4419037,-3.074482,-1.886814,0.6469836,-3.352681,1,0,0,1,0,0
371,-1.520356,0.1746533,0.7914912,-4724,4.18707,-2.260616,0.4419038,-3.07252,-2.260516,0.7862219,-3.034506,-1.511449,0.786222,-3.036469,-1.511549,0.4419037,-3.074482,-1.886814,0.6469836,-3.352681,1,0,0,1,0,0
372,-1.600433,0.1837427,0.7514961,-4724,4.140154,-2.260616,0.4419038,-3.07252,-2.260516,0.7862219,-3.034506,-1.511449,0.786222,-3.036469,-1.511549,0.4419037,-3.074482,-1.886814,0.6469836,-3.352681,1,0,0,1,0,0
373,-1.690179,0.191842,0.7264472,-4724,4.109149,-2.260616,0.4419038,-3.07252,-2.260516,0.7862219,-3.034506,-1.511449,0.786222,-3.036469,-1.511549,0.4419037,-3.074482,-1.886814,0.6469836,-3.352681,1,0,0,1,0,0
374,-1.508525,0.08967713,0.7710322,-4724,4.178361,-2.260616,0.4419038,-3.07252,-2.260516,0.7862219,-3.034506,-1.511449,0.786222,-3.036469,-1.511549,0.4419037,-3.074482,-1.886814,0.6469836,-3.352681,1,0,0,1,0,0
375,-1.592364,0.09398254,0.7264472,-4724,4.12696,-2.260616,0.4419038,-3.07252,-2.260516,0.7862219,-3.034506,-1.511449,0.786222,-3.036469,-1.511549,0.4419037,-3.074482,-1.886814,0.6469836,-3.352681,1,0,0,1,0,0
376,-1.685912,0.09823791,0.6980439,-4724,4.092659,-2.260616,0.4419038,-3.07252,-2.260516,0.7862219,-3.034506,-1.511449,0.786222,-3.036469,-1.511549,0.4419037,-3.074482,-1.886814,0.6469836,-3.352681,1,0,0,1,0,0
377,-2.034236,0.2485034,0.823249,-4724,4.197489,-2.260616,0.4419038,-3.07252,-2.260516,0.7862219,-3.034506,-1.511449,0.786222,-3.036469,-1.511549,0.4419037,-3.074482,-1.886814,0.6469836,-3.352681,1,0,0,1,0,0
378,-2.049644,0.1746533,0.7914912,-4724,4.17418,-2.260616,0.4419038,-3.07252,-2.260516,0.7862219,-3.034506,-1.511449,0.786222,-3.036469,-1.511549,0.4419037,-3.074482,-1.886814,0.6469836,-3.352681,1,0,0,1,0,0
379,-2.061475,0.08967713,0.7710322,-4724,4.164866,-2.260616,0.4419038,-3.07252,-2.260516,0.7862219,-3.034506,-1.511449,0.786222,-3.036469,-1.511549,0.4419037,-3.074482,-1.886814,0.6469836,-3.352681,1,0,0,1,0,0
380,-1.960456,0.2637475,0.7914912,-4724,4.162507,-2.260616,0.4419038,-3.07252,-2.260516,0.7862219,-3.034506,-1.511449,0.786222,-3.036469,-1.511549,0.4419037,-3.074482,-1.886814,0.6469836,-3.352681,1,0,0,1,0,0
381,-1.969567,0.1837427,0.7514961,-4724,4.131067,-2.260616,0.4419038,-3.07252,-2.260516,0.7862219,-3.034506,-1.511449,0.786222,-3.036469,-1.511549,0.4419037,-3.074482,-1.886814,0.6469836,-3.352681,1,0,0,1,0,0
382,-1.977636,0.09398254,0.7264472,-4724,4.117445,-2.260616,0.4419038,-3.07252,-2.260516,0.7862219,-3.034506,-1.511449,0.786222,-3.036469,-1.511549,0.4419037,-3.074482,-1.886814,0.6469836,-3.352681,1,0,0,1,0,0
383,-1.875519,0.2755518,0.7710322,-4724,4.140423,-2.260616,0.4419038,-3.07252,-2.260516,0.7862219,-3.034506,-1.511449,0.786222,-3.036469,-1.511549,0.4419037,-3.074482,-1.886814,0.6469836,-3.352681,1,0,0,1,0,0
384,-1.879821,0.191842,0.7264472,-4724,4.104448,-2.260616,0.4419038,-3.07252,-2.260516,0.7862219,-3.034506,-1.511449,0.786222,-3.036469,-1.511549,0.4419037,-3.074482,-1.886814,0.6469836,-3.352681,1,0,0,1,0,0
385,-1.884087,0.09823791,0.6980439,-4724,4.087726,-2.260616,0.4419038,-3.07252,-2.260516,0.7862219,-3.034506,-1.511449,0.786222,-3.036469,-1.511549,0.4419037,-3.074482,-1.886814,0.6469836,-3.352681,1,0,0,1,0,0
386,0.33,-0.59,2.36,-3232,6.25133,-2.260616,0.4419038,-3.07252,-2.260516,0.7862219,-3.034506,-1.511449,0.786222,-3.036469,-1.511549,0.4419037,-3.074482,-1.886814,0.6469836,-3.352681,0,0,1,0,1,0
387,-0.67,-0.59,2.36,-3232,5.970385,-2.260616,0.4419038,-3.07252,-2.260516,0.7862219,-3.034506,-1.511449,0.786222,-3.036469,-1.511549,0.4419037,-3.074482,-1.886814,0.6469836,-3.352681,1,0,0,0,1,0
388,0.33,0.41,2.36,-3232,6.132305,-2.260616,0.4419038,-3.07252,-2.260516,0.7862219,-3.034506,-1.511449,0.786222,-3.036469,-1.511549,0.4419037,-3.074482,-1.886814,0.6469836,-3.352681,1,0,0,1,1,0
389,-0.67,0.41,2.36,-3232,5.845642,-2.260616,0.4419038,-3.07252,-2.260516,0.7862219,-3.034506,-1.511449,0.786222,-3.036469,-1.511549,0.4419037,-3.074482,-1.886814,0.6469836,-3.352681,1,0,0,1,0,0
390,0.33,0.41,1.36,-3232,5.213424,-2.260616,0.4419038,-3.07252,-2.260516,0.7862219,-3.034506,-1.511449,0.786222,-3.036469,-1.511549,0.4419037,-3.074482,-1.886814,0.6469836,-3.352681,1,0,0,1,0,0
391,-0.67,0.41,1.36,-3232,4.873003,-2.260616,0.4419038,-3.07252,-2.260516,0.7862219,-3.034506,-1.511449,0.786222,-3.036469,-1.511549,0.4419037,-3.074482,-1.886814,0.6469836,-3.352681,1,0,0,1,0,0
392,0.33,-0.59,1.36,-3232,5.352921,-2.260616,0.4419038,-3.07252,-2.260516,0.7862219,-3.034506,-1.511449,0.786222,-3.036469,-1.511549,0.4419037,-3.074482,-1.886814,0.6469836,-3.352681,0,0,1,1,1,0
393,-0.67,-0.59,1.36,-3232,5.021965,-2.260616,0.4419038,-3.07252,-2.260516,0.7862219,-3.034506,-1.511449,0.786222,-3.036469,-1.511549,0.4419037,-3.074482,-1.886814,0.6469836,-3.352681,1,0,0,1,0,0
394,1.73,0.04000002,2.18,-1580,6.637796,-2.260616,0.4419038,-3.07252,-2.260516,0.7862219,-3.034506,-1.511449,0.786222,-3.036469,-1.511549,0.4419037,-3.074482,-1.886814,0.6469836,-3.352681,0,0,1,1,0,0
395,0.73,0.04000002,2.18,-1580,6.150342,-2.260616,0.4419038,-3.07252,-2.260516,0.7862219,-3.034506,-1.511449,0.786222,-3.036469,-1.511549,0.4419037,-3.074482,-1.886814,0.6469836,-3.352681,0,0,1,1,0,0
396,1.73,1.04,2.18,-1580,6.621659,-2.260616,0.4419038,-3.07252,-2.260516,0.7862219,-3.034506,-1.511449,0.786222,-3.036469,-1.511549,0.4419037,-3.074482,-1.886814,0.6469836,-3.352681,1,0,0,1,0,0
397,0.73,1.04,2.18,-1580,6.132923,-2.260616,0.4419038,-3.07252,-2.260516,0.7862219,-3.034506,-1.511449,0.786222,-3.036469,-1.511549,0.4419037,-3.074482,-1.886814,0.6469836,-3.352681,1,0,0,1,0,0
398,1.73,1.04,1.18,-1580,5.812143,-2.260616,0.4419038,-3.07252,-2.260516,0.7862219,-3.034506,-1.511449,0.786222,-3.036469,-1.511549,0.4419037,-3.074482,-1.886814,0.6469836,-3.352681,1,0,0,1,0,0
399,0.73,1.04,1.18,-1580,5.248559,-2.260616,0.4419038,-3.07252,-2.260516,0.7862219,-3.034506,-1.511449,0.786222,-3.036469,-1.511549,0.4419037,-3.074482,-1.886814,0.6469836,-3.352681,1,0,0,1,0,0
400,1.73,0.04000002,1.18,-1580,5.830521,-2.260616,0.4419038,-3.07252,-2.260516,0.7862219,-3.034506,-1.511449,0.786222,-3.036469,-1.511549,0.4419037,-3.074482,-1.886814,0.6469836,-3.352681,1,0,0,1,0,0
401,0.73,0.04000002,1.18,-1580,5.268903,-2.260616,0.4419038,-3.07252,-2.260516,0.7862219,-3.034506,-1.511449,0.786222,-3.036469,-1.511549,0.4419037,-3.074482,-1.886814,0.6469836,-3.352681,0,0,1,1,0,0
402,0.5,-0.5,0.5,22816,4.674998,-2.260616,0.4419038,-3.07252,-2.260516,0.7862219,-3.034506,-1.511449,0.786222,-3.036469,-1.511549,0.4419037,-3.074482,-1.886814,0.6469836,-3.352681,0,0,1,1,0,0
403,-0.5,-0.5,0.5,22816,4.252291,-2.260616,0.4419038,-3.07252,-2.260516,0.7862219,-3.034506,-1.511449,0.786222,-3.036469,-1.511549,0.4419037,-3.074482,-1.886814,0.6469836,-3.352681,1,0,0,1,0,0
404,0.5,0.5,0.5,22816,4.534494,-2.260616,0.4419038,-3.07252,-2.260516,0.7862219,-3.034506,-1.511449,0.786222,-3.036469,-1.511549,0.4419037,-3.074482,-1.886814,0.6469836,-3.352681,1,0,0,1,0,0
405,-0.5,0.5,0.5,22816,4.097318,-2.260616,0.4419038,-3.07252,-2.260516,0.7862219,-3.034506,-1.511449,0.786222,-3.036469,-1.511549,0.4419037,-3.074482,-1.886814,0.6469836,-3.352681,1,0,0,1,0,0
406,0.5,0.5,-0.5,22816,3.722402,-2.260616,0.4419038,-3.07252,-2.260516,0.7862219,-3.034506,-1.511449,0.786222,-3.036469,-1.511549,0.4419037,-3.074482,-1.886814,0.6469836,-3.352681,1,0,0,1,0,0
407,-0.5,0.5,-0.5,22816,3.175318,-2.260616,0.4419038,-3.07252,-2.260516,0.7862219,-3.034506,-1.511449,0.786222,-3.036469,-1.511549,0.4419037,-3.074482,-1.886814,0.6469836,-3.352681,1,0,0,1,0,0
408,0.5,-0.5,-0.5,22816,3.892331,-2.260616,0.4419038,-3.07252,-2.260516,0.7862219,-3.034506,-1.511449,0.786222,-3.036469,-1.511549,0.4419037,-3.074482,-1.886814,0.6469836,-3.352681,1,0,0,1,0,0
409,-0.5,-0.5,-0.5,22816,3.372924,-2.260616,0.4419038,-3.07252,-2.260516,0.7862219,-3.034506,-1.511449,0.786222,-3.036469,-1.511549,0.4419037,-3.074482,-1.886814,0.6469836,-3.352681,1,0,0,1,0,0
